Time,,,ueWrenA1,ueWrenA2,ueWrenB1,ueWrenB2,Pressure,EX1629_TIME_252,
ID,,,EX1629_25200,EX1629_25201,EX1629_25202,EX1629_25203,EX1629_25247,EX1629_TIME_252,
Unit,,,uStrain,uStrain,uStrain,uStrain,psi,s,
RangeMax,,,1706,1706,1706,1706,9500,1100,
RangeMin,,,-1706,-1706,-1706,-1706,-9500,-210,
ThreeFactorial,,,0,0,0,0,0,0,
TwoFactorial,,,0,0,0,0,0,0,
PrefixGain,,,1,1,1,1,1,1,
PrefixOffset,,,0,0,0,0,0,0,
Slope,,,1,1,1,1,1,1,
Offset,,,0,0,0,0,0,0,
ZeroValue,,,-0.186857,-1.42384,1.06115,-1.25018,-119.155,107.636,
Datetime,Second,Time,,,,,,,
2/6/2020 15:13,12.845,16,-10.6223,-30.1819,36.1929,14.6632,-2.018,137.472,2001
2/6/2020 15:13,12.853,16.008,-9.8249,-29.3612,36.5909,15.6903,-1.7567,137.48,2002
2/6/2020 15:13,12.861,16.016,-10.5225,-30.308,36.1251,14.8547,-2.6429,137.488,2003
2/6/2020 15:13,12.869,16.024,-9.8129,-29.5934,36.816,15.6253,-2.9799,137.496,2004
2/6/2020 15:13,12.877,16.032,-10.5095,-30.3108,36.3987,14.7738,-2.5131,137.504,2005
2/6/2020 15:13,12.885,16.04,-9.8148,-29.6877,36.9441,15.5105,-1.6743,137.512,2006
2/6/2020 15:13,12.893,16.048,-10.4654,-30.3501,36.5582,14.8206,0.6124,137.52,2007
2/6/2020 15:13,12.901,16.056,-9.7516,-29.4773,36.5662,15.2932,-0.0465,137.528,2008
2/6/2020 15:13,12.909,16.064,-10.2305,-29.931,36.081,14.785,-1.706,137.536,2009
2/6/2020 15:13,12.917,16.072,-9.7654,-29.5295,36.4516,15.2856,-1.4449,137.544,2010
2/6/2020 15:13,12.925,16.08,-10.3224,-30.1515,36.4143,15.0716,-0.0864,137.552,2011
2/6/2020 15:13,12.933,16.088,-10.3696,-30.1398,36.7664,15.5441,-0.0713,137.56,2012
2/6/2020 15:13,12.941,16.096,-10.2739,-30.0822,36.5944,15.2304,-1.1271,137.568,2013
2/6/2020 15:13,12.949,16.104,-9.9431,-29.8498,36.0926,15.0133,-1.9142,137.576,2014
2/6/2020 15:13,12.957,16.112,-9.7223,-29.6442,36.2068,14.913,-1.199,137.584,2015
2/6/2020 15:13,12.965,16.12,-9.9578,-30.0924,36.2753,14.9236,0.4173,137.592,2016
2/6/2020 15:13,12.973,16.128,-10.1535,-29.9357,36.8958,15.4868,-0.1598,137.6,2017
2/6/2020 15:13,12.981,16.136,-10.6179,-30.5055,36.7287,15.2904,-0.0531,137.608,2018
2/6/2020 15:13,12.989,16.144,-10.1423,-30.1195,37.0868,15.7358,-0.0488,137.616,2019
2/6/2020 15:13,12.997,16.152,-10.5581,-30.376,36.4624,14.8971,-0.2433,137.624,2020
2/6/2020 15:13,13.005,16.16,-9.8432,-29.689,36.9108,15.6566,-0.552,137.632,2021
2/6/2020 15:13,13.013,16.168,-10.6137,-30.3309,36.3841,14.9404,0.1529,137.64,2022
2/6/2020 15:13,13.021,16.176,-9.7036,-29.5276,36.5722,15.4374,-0.8256,137.648,2023
2/6/2020 15:13,13.029,16.184,-10.2669,-29.9463,35.6674,14.3697,-2.9061,137.656,2024
2/6/2020 15:13,13.037,16.192,-9.6976,-29.3487,36.2996,15.3694,-3.3901,137.664,2025
2/6/2020 15:13,13.045,16.2,-10.4421,-30.2069,35.7531,14.5424,-3.5695,137.672,2026
2/6/2020 15:13,13.053,16.208,-9.3784,-29.133,36.0446,15.1459,-1.6051,137.68,2027
2/6/2020 15:13,13.061,16.216,-9.7442,-29.6602,35.1233,13.9036,-2.0199,137.688,2028
2/6/2020 15:13,13.069,16.224,-8.9589,-28.7606,35.64,14.7973,-2.1231,137.696,2029
2/6/2020 15:13,13.077,16.232,-9.8959,-29.7288,35.3408,13.9954,-0.8951,137.704,2030
2/6/2020 15:13,13.085,16.24,-9.2483,-29.086,35.9789,15.046,-1.5442,137.712,2031
2/6/2020 15:13,13.093,16.248,-9.9709,-29.7781,35.3858,14.3024,-1.9553,137.72,2032
2/6/2020 15:13,13.101,16.256,-9.481,-29.4647,36.0164,15.0451,-3.3341,137.728,2033
2/6/2020 15:13,13.109,16.264,-10.0724,-29.8915,35.8083,14.5704,-2.1467,137.736,2034
2/6/2020 15:13,13.117,16.272,-9.5418,-29.5014,36.0593,15.0445,-1.5602,137.744,2035
2/6/2020 15:13,13.125,16.28,-9.7432,-29.7926,35.9615,14.3877,-3.1739,137.752,2036
2/6/2020 15:13,13.133,16.288,-9.5462,-29.4768,35.9329,14.6976,-4.0751,137.76,2037
2/6/2020 15:13,13.141,16.296,-9.7422,-29.8239,36.0757,14.7558,-2.2154,137.768,2038
2/6/2020 15:13,13.149,16.304,-9.6899,-29.7742,36.0244,14.7393,-1.8559,137.776,2039
2/6/2020 15:13,13.157,16.312,-9.5165,-29.6993,36.1213,14.7418,-2.3148,137.784,2040
2/6/2020 15:13,13.165,16.32,-9.7443,-29.8393,36.1554,14.5658,0.1605,137.792,2041
2/6/2020 15:13,13.173,16.328,-9.3767,-29.6673,36.2906,14.8572,0.2518,137.8,2042
2/6/2020 15:13,13.181,16.336,-9.9381,-30.0551,36.2761,14.6291,-0.5667,137.808,2043
2/6/2020 15:13,13.189,16.344,-9.948,-30.0727,37.1613,15.6917,-0.1451,137.816,2044
2/6/2020 15:13,13.197,16.352,-10.3357,-30.5607,36.6885,14.9367,-0.214,137.824,2045
2/6/2020 15:13,13.205,16.36,-9.5612,-29.7839,37.0021,15.3604,-1.332,137.832,2046
2/6/2020 15:13,13.213,16.368,-10.5432,-30.6926,36.7052,14.9599,-2.3294,137.84,2047
2/6/2020 15:13,13.221,16.376,-10.1435,-30.2033,37.5384,16.0642,-3.2863,137.848,2048
2/6/2020 15:13,13.229,16.384,-10.7861,-30.9546,36.824,15.1027,-2.9504,137.856,2049
2/6/2020 15:13,13.237,16.392,-9.5245,-29.8154,37.1281,15.6084,-1.5476,137.864,2050
2/6/2020 15:13,13.245,16.4,-10.295,-30.5895,36.5226,14.5846,-2.2585,137.872,2051
2/6/2020 15:13,13.253,16.408,-9.7907,-30.1231,37.53,15.816,-0.4889,137.88,2052
2/6/2020 15:13,13.261,16.416,-10.6865,-31.0398,37.233,15.0808,-2.678,137.888,2053
2/6/2020 15:13,13.269,16.424,-10.0766,-30.3552,37.9022,16.0591,-2.4008,137.896,2054
2/6/2020 15:13,13.277,16.432,-10.9453,-31.2544,37.5749,15.3806,-2.6379,137.904,2055
2/6/2020 15:13,13.285,16.44,-10.2769,-30.6441,37.9425,16.2436,-1.9887,137.912,2056
2/6/2020 15:13,13.293,16.448,-10.8025,-31.0677,37.3355,15.3466,-1.8782,137.92,2057
2/6/2020 15:13,13.301,16.456,-10.1181,-30.4369,37.725,16.0429,-1.8331,137.928,2058
2/6/2020 15:13,13.309,16.464,-11.0022,-31.1615,37.5369,15.744,-1.6695,137.936,2059
2/6/2020 15:13,13.317,16.472,-10.816,-30.7834,38.0085,16.441,-2.0291,137.944,2060
2/6/2020 15:13,13.325,16.48,-10.9389,-31.0588,37.5327,15.8184,-2.4474,137.952,2061
2/6/2020 15:13,13.333,16.488,-10.3404,-30.4141,37.3014,15.608,-1.9944,137.96,2062
2/6/2020 15:13,13.341,16.496,-10.4756,-30.6109,37.183,15.3223,-3.4333,137.968,2063
2/6/2020 15:13,13.349,16.504,-10.4673,-30.6811,37.4073,15.5182,-1.8389,137.976,2064
2/6/2020 15:13,13.357,16.512,-10.3545,-30.7749,37.609,15.618,-1.4487,137.984,2065
2/6/2020 15:13,13.365,16.52,-10.3436,-30.6907,37.1475,15.1937,-2.4508,137.992,2066
2/6/2020 15:13,13.373,16.528,-10.1109,-30.5203,37.5769,15.5571,-1.6032,138,2067
2/6/2020 15:13,13.381,16.536,-10.7261,-31.1278,37.5765,15.4628,-1.0883,138.008,2068
2/6/2020 15:13,13.389,16.544,-10.3397,-30.6642,37.7787,15.988,-0.7351,138.016,2069
2/6/2020 15:13,13.397,16.552,-10.9389,-31.2194,37.5496,15.4859,-2.0854,138.024,2070
2/6/2020 15:13,13.405,16.56,-10.4976,-30.6068,38.0477,16.2173,-1.0213,138.032,2071
2/6/2020 15:13,13.413,16.568,-11.1593,-31.1858,37.5188,15.6211,-0.9461,138.04,2072
2/6/2020 15:13,13.421,16.576,-10.5325,-30.5416,38.1083,16.4573,-0.9371,138.048,2073
2/6/2020 15:13,13.429,16.584,-11.3621,-31.3422,37.6182,15.6043,-0.9318,138.056,2074
2/6/2020 15:13,13.437,16.592,-10.8258,-30.9628,38.6557,16.9609,-3.021,138.064,2075
2/6/2020 15:13,13.445,16.6,-11.5011,-31.6283,38.0799,15.7574,-1.38,138.072,2076
2/6/2020 15:13,13.453,16.608,-10.4775,-30.7345,38.5669,16.457,-2.3993,138.08,2077
2/6/2020 15:13,13.461,16.616,-11.3342,-31.6825,38.1165,15.721,-0.7518,138.088,2078
2/6/2020 15:13,13.469,16.624,-10.5824,-30.8112,38.7958,16.5608,-3.0262,138.096,2079
2/6/2020 15:13,13.477,16.632,-11.4076,-31.8894,38.3093,15.909,-0.6021,138.104,2080
2/6/2020 15:13,13.485,16.64,-10.6899,-30.9805,38.6916,16.6452,-3.5668,138.112,2081
2/6/2020 15:13,13.493,16.648,-11.1703,-31.2839,37.7032,15.6011,2.8578,138.12,2082
2/6/2020 15:13,13.501,16.656,-10.3021,-30.3447,37.7716,16.0678,-8.0026,138.128,2083
2/6/2020 15:13,13.509,16.664,-10.9752,-31.0254,37.7032,15.5403,5.4431,138.136,2084
2/6/2020 15:13,13.517,16.672,-10.6402,-30.7072,38.286,16.2188,22.2541,138.144,2085
2/6/2020 15:13,13.525,16.68,-11.6945,-31.6469,38.7241,16.4437,16.2352,138.152,2086
2/6/2020 15:13,13.533,16.688,-11.6101,-31.8455,39.516,17.2044,41.6837,138.16,2087
2/6/2020 15:13,13.541,16.696,-11.9364,-31.9565,39.1383,16.9673,68.9408,138.168,2088
2/6/2020 15:13,13.549,16.704,-12.2068,-32.4066,39.6911,17.4912,122.0668,138.176,2089
2/6/2020 15:13,13.557,16.712,-12.7988,-32.9985,40.6819,18.2655,100.4977,138.184,2090
2/6/2020 15:13,13.565,16.72,-10.9944,-31.8392,38.879,15.9417,150.7484,138.192,2091
2/6/2020 15:13,13.573,16.728,-10.4129,-30.2595,37.3412,15.9594,139.1718,138.2,2092
2/6/2020 15:13,13.581,16.736,-13.3957,-33.8838,41.1538,18.1885,189.6998,138.208,2093
2/6/2020 15:13,13.589,16.744,-11.0807,-30.4631,38.3908,16.8509,280.142,138.216,2094
2/6/2020 15:13,13.597,16.752,-13.3186,-33.8664,40.9085,18.0438,279.5426,138.224,2095
2/6/2020 15:13,13.605,16.76,-6.9974,-28.5378,35.243,13.1678,309.5262,138.232,2096
2/6/2020 15:13,13.613,16.768,-4.2326,-23.3704,26.9956,7.7639,289.2062,138.24,2097
2/6/2020 15:13,13.621,16.776,-11.2196,-32.2996,40.157,17.6336,324.4293,138.248,2098
2/6/2020 15:13,13.629,16.784,-8.3305,-27.9353,33.5893,12.1926,277.9952,138.256,2099
2/6/2020 15:13,13.637,16.792,-6.5014,-26.1258,32.0816,12.0633,321.7393,138.264,2100
2/6/2020 15:13,13.645,16.8,-0.7166,-18.4056,20.7936,3.2312,288.6393,138.272,2101
2/6/2020 15:13,13.653,16.808,-1.3609,-20.3188,24.6342,6.1501,321.3378,138.28,2102
2/6/2020 15:13,13.661,16.816,-1.7045,-21.144,24.4018,4.6853,306.7139,138.288,2103
2/6/2020 15:13,13.669,16.824,-1.6034,-21.5997,26.2994,6.7074,315.387,138.296,2104
2/6/2020 15:13,13.677,16.832,-0.8286,-20.6541,23.8915,4.0582,320.496,138.304,2105
2/6/2020 15:13,13.685,16.84,0.1399,-20.7564,25.3492,4.8444,307.129,138.312,2106
2/6/2020 15:13,13.693,16.848,0.3554,-20.5666,24.0699,3.3381,342.2565,138.32,2107
2/6/2020 15:13,13.701,16.856,0.7747,-20.6138,25.4216,4.2307,330.9013,138.328,2108
2/6/2020 15:13,13.709,16.864,-0.5536,-21.5599,25.9796,4.5919,384.7493,138.336,2109
2/6/2020 15:13,13.717,16.872,-0.2665,-21.8766,26.689,5.1924,359.0731,138.344,2110
2/6/2020 15:13,13.725,16.88,1.3022,-20.2255,24.2153,2.8943,429.0647,138.352,2111
2/6/2020 15:13,13.733,16.888,-0.0227,-21.3851,25.9956,4.6312,415.7533,138.36,2112
2/6/2020 15:13,13.741,16.896,1.8409,-19.1124,23.3805,2.3922,496.0822,138.368,2113
2/6/2020 15:13,13.749,16.904,-0.0644,-21.5025,26.0796,4.5918,498.6272,138.376,2114
2/6/2020 15:13,13.757,16.912,1.6698,-19.8989,24.3973,2.9509,568.9871,138.384,2115
2/6/2020 15:13,13.765,16.92,-0.7796,-22.2054,26.6271,5.0435,601.8901,138.392,2116
2/6/2020 15:13,13.773,16.928,-0.3436,-21.2106,26.0191,5.3262,636.8,138.4,2117
2/6/2020 15:13,13.781,16.936,-0.407,-20.9942,25.2438,4.0926,673.7038,138.408,2118
2/6/2020 15:13,13.789,16.944,2.3339,-21.4803,27.4652,3.0516,677.249,138.416,2119
2/6/2020 15:13,13.797,16.952,-4.1225,-24.2429,29.5,7.5967,716.2021,138.424,2120
2/6/2020 15:13,13.805,16.96,2.8648,-13.3228,18.7067,0.3598,692.8169,138.432,2121
2/6/2020 15:13,13.813,16.968,10.5276,-2.2483,3.1411,-10.2983,745.688,138.44,2122
2/6/2020 15:13,13.821,16.976,-3.683,-16.6781,22.1508,6.8992,704.6076,138.448,2123
2/6/2020 15:13,13.829,16.984,-3.8231,-17.625,22.2027,5.565,753.9303,138.456,2124
2/6/2020 15:13,13.837,16.992,-0.5207,-16.322,22.2426,4.3745,717.482,138.464,2125
2/6/2020 15:13,13.845,17,-2.1331,-18.3286,22.9305,4.3222,752.0784,138.472,2126
2/6/2020 15:13,13.853,17.008,-2.527,-18.897,25.1888,6.9375,730.4684,138.48,2127
2/6/2020 15:13,13.861,17.016,-5.7117,-24.4645,30.8305,9.0445,752.3474,138.488,2128
2/6/2020 15:13,13.869,17.024,-4.5585,-24.3624,31.4411,10.0393,743.2638,138.496,2129
2/6/2020 15:13,13.877,17.032,-1.7854,-22.3472,27.823,5.2102,783.5696,138.504,2130
2/6/2020 15:13,13.885,17.04,-0.6423,-18.9372,24.2854,5.2893,1089.6569,138.512,2131
2/6/2020 15:13,13.893,17.048,-4.7245,-22.5393,27.9272,7.9887,1252.6461,138.52,2132
2/6/2020 15:13,13.901,17.056,-4.0046,-21.8507,28.0584,8.5127,1416.832,138.528,2133
2/6/2020 15:13,13.909,17.064,-6.2211,-25.0855,31.6574,10.0995,1500.5223,138.536,2134
2/6/2020 15:13,13.917,17.072,-3.9835,-22.0932,28.8839,8.4547,1658.2399,138.544,2135
2/6/2020 15:13,13.925,17.08,-4.7149,-23.5877,30.4879,8.7362,1682.1021,138.552,2136
2/6/2020 15:13,13.933,17.088,-5.4218,-22.7759,30.0098,9.521,1820.7791,138.56,2137
2/6/2020 15:13,13.941,17.096,-5.1729,-22.8999,29.7465,9.1064,1815.3327,138.568,2138
2/6/2020 15:13,13.949,17.104,-5.7084,-22.8131,29.5554,9.5967,1927.029,138.576,2139
2/6/2020 15:13,13.957,17.112,-4.372,-21.4655,28.1306,8.3362,1922.3883,138.584,2140
2/6/2020 15:13,13.965,17.12,-5.8138,-23.4964,30.1119,9.4164,1992.3701,138.592,2141
2/6/2020 15:13,13.973,17.128,-3.5299,-21.2181,27.6777,7.865,2010.4118,138.6,2142
2/6/2020 15:13,13.981,17.136,-5.8881,-24.3232,31.0611,9.5115,2033.4917,138.608,2143
2/6/2020 15:13,13.989,17.144,-3.5374,-21.1172,27.5925,8.1928,2078.5726,138.616,2144
2/6/2020 15:13,13.997,17.152,-5.3438,-23.9323,30.1637,8.7713,2054.3044,138.624,2145
2/6/2020 15:13,14.005,17.16,-2.9136,-20.413,26.3827,7.5422,2120.422,138.632,2146
2/6/2020 15:13,14.013,17.168,-3.8909,-22.9661,28.2557,7.2165,2071.8155,138.64,2147
2/6/2020 15:13,14.021,17.176,-2.1197,-20.1861,26.0048,6.9278,2141.6508,138.648,2148
2/6/2020 15:13,14.029,17.184,-3.4436,-22.3766,27.3982,6.6631,2090.3035,138.656,2149
2/6/2020 15:13,14.037,17.192,-1.9317,-20.9606,27.222,7.1499,2145.3739,138.664,2150
2/6/2020 15:13,14.045,17.2,-3.0315,-21.5633,26.4358,6.0561,2109.5366,138.672,2151
2/6/2020 15:13,14.053,17.208,-2.4038,-21.5745,28.2009,7.5294,2132.845,138.68,2152
2/6/2020 15:13,14.061,17.216,-2.8819,-20.7212,25.2025,5.9105,2124.5934,138.688,2153
2/6/2020 15:13,14.069,17.224,-3.0581,-21.8905,28.6392,8.1171,2117.2417,138.696,2154
2/6/2020 15:13,14.077,17.232,-3.2473,-20.2317,25.0429,6.1681,2141.2992,138.704,2155
2/6/2020 15:13,14.085,17.24,-3.9741,-22.4917,29.4428,8.6953,2095.5903,138.712,2156
2/6/2020 15:13,14.093,17.248,-3.7924,-20.4579,25.3146,6.7264,2151.0745,138.72,2157
2/6/2020 15:13,14.101,17.256,-3.7704,-22.6157,29.4982,8.5312,2085.27,138.728,2158
2/6/2020 15:13,14.109,17.264,-3.8838,-20.9167,26.2904,7.0906,2151.4016,138.736,2159
2/6/2020 15:13,14.117,17.272,-3.6321,-22.3856,28.9418,8.2176,2081.4539,138.744,2160
2/6/2020 15:13,14.125,17.28,-4.0827,-22.1484,27.8108,7.808,2139.337,138.752,2161
2/6/2020 15:13,14.133,17.288,-3.5552,-22.1359,28.2681,8.014,2093.2189,138.76,2162
2/6/2020 15:13,14.141,17.296,-4.5897,-23.8691,30.2529,8.949,2126.1414,138.768,2163
2/6/2020 15:13,14.149,17.304,-3.4534,-21.7859,27.4737,7.5881,2111.3943,138.776,2164
2/6/2020 15:13,14.157,17.312,-4.2545,-24.2304,31.093,8.9621,2108.0168,138.784,2165
2/6/2020 15:13,14.165,17.32,-3.304,-21.2001,26.6037,6.9237,2133.1455,138.792,2166
2/6/2020 15:13,14.173,17.328,-3.8076,-23.6702,30.5652,8.6465,2091.7736,138.8,2167
2/6/2020 15:13,14.181,17.336,-3.3716,-20.9493,26.2238,6.7423,2145.6803,138.808,2168
2/6/2020 15:13,14.189,17.344,-3.809,-23.5012,30.5208,8.9069,2085.5517,138.816,2169
2/6/2020 15:13,14.197,17.352,-3.9532,-21.6757,26.9132,7.2476,2151.4699,138.824,2170
2/6/2020 15:13,14.205,17.36,-3.6388,-23.0674,29.8385,8.8074,2085.9618,138.832,2171
2/6/2020 15:13,14.213,17.368,-4.555,-22.9451,28.4089,7.8019,2140.3244,138.84,2172
2/6/2020 15:13,14.221,17.376,-2.8414,-21.5821,27.9537,7.9753,2095.4535,138.848,2173
2/6/2020 15:13,14.229,17.384,-4.3147,-23.3662,28.7101,7.7848,2122.7304,138.856,2174
2/6/2020 15:13,14.237,17.392,-1.9954,-20.2282,26.3799,6.9858,2106.98,138.864,2175
2/6/2020 15:13,14.245,17.4,-4.1524,-23.7076,29.1907,7.5449,2103.4619,138.872,2176
2/6/2020 15:13,14.253,17.408,-1.8365,-19.8437,25.7336,6.7232,2122.9774,138.88,2177
2/6/2020 15:13,14.261,17.416,-4.1711,-23.939,29.5178,7.6225,2090.1423,138.888,2178
2/6/2020 15:13,14.269,17.424,-2.0838,-20.1321,26.0732,7.0694,2132.7286,138.896,2179
2/6/2020 15:13,14.277,17.432,-3.843,-23.5383,29.2732,7.3757,2076.6308,138.904,2180
2/6/2020 15:13,14.285,17.44,-2.639,-20.8217,27.1312,7.5088,2136.5127,138.912,2181
2/6/2020 15:13,14.293,17.448,-3.7534,-23.1579,28.8735,7.3088,2078.7198,138.92,2182
2/6/2020 15:13,14.301,17.456,-3.1639,-21.8544,28.4346,8.0817,2133.0062,138.928,2183
2/6/2020 15:13,14.309,17.464,-3.2528,-22.2212,27.8259,6.9156,2094.8327,138.936,2184
2/6/2020 15:13,14.317,17.472,-3.3843,-22.83,29.7351,8.1644,2118.4933,138.944,2185
2/6/2020 15:13,14.325,17.48,-2.8467,-21.4101,26.8738,6.691,2111.8958,138.952,2186
2/6/2020 15:13,14.333,17.488,-3.8881,-23.9438,30.8829,8.6515,2100.6582,138.96,2187
2/6/2020 15:13,14.341,17.496,-2.9602,-21.219,26.8043,6.9733,2131.1167,138.968,2188
2/6/2020 15:13,14.349,17.504,-4.3246,-24.3891,31.185,8.7189,2089.0463,138.976,2189
2/6/2020 15:13,14.357,17.512,-2.9736,-21.1068,26.9137,7.1117,2140.5147,138.984,2190
2/6/2020 15:13,14.365,17.52,-3.9555,-23.6943,29.9465,8.1669,2079.3502,138.992,2191
2/6/2020 15:13,14.373,17.528,-2.7006,-21.3411,27.2727,7.2963,2143.9138,139,2192
2/6/2020 15:13,14.381,17.536,-3.1669,-22.4738,28.2551,7.1458,2085.1567,139.008,2193
2/6/2020 15:13,14.389,17.544,-2.8479,-21.8037,28.163,7.7091,2136.91,139.016,2194
2/6/2020 15:13,14.397,17.552,-2.8272,-21.5297,26.5747,6.2664,2097.0879,139.024,2195
2/6/2020 15:13,14.405,17.56,-2.8184,-22.5401,29.1212,8.086,2119.9549,139.032,2196
2/6/2020 15:13,14.413,17.568,-2.5918,-21.0088,25.8037,5.7375,2111.017,139.04,2197
2/6/2020 15:13,14.421,17.576,-2.774,-22.8272,29.8369,8.2875,2100.7866,139.048,2198
2/6/2020 15:13,14.429,17.584,-2.5617,-20.7541,25.3822,5.7607,2130.1434,139.056,2199
2/6/2020 15:13,14.437,17.592,-2.5184,-22.5464,29.4957,7.9993,2087.0825,139.064,2200
2/6/2020 15:13,14.445,17.6,-2.6466,-20.4455,25.0111,5.6923,2142.089,139.072,2201
2/6/2020 15:13,14.453,17.608,-2.0873,-21.83,28.6393,7.3945,2078.1494,139.08,2202
2/6/2020 15:13,14.461,17.616,-2.6888,-20.649,25.3387,5.6746,2148.1412,139.088,2203
2/6/2020 15:13,14.469,17.624,-1.8921,-21.254,27.6804,7.1083,2082.9278,139.096,2204
2/6/2020 15:13,14.477,17.632,-2.7897,-21.2528,26.2106,5.9761,2141.4351,139.104,2205
2/6/2020 15:13,14.485,17.64,-1.3994,-20.1942,26.2068,6.3485,2091.9965,139.112,2206
2/6/2020 15:13,14.493,17.648,-2.9372,-22.4134,27.6818,6.6707,2125.0066,139.12,2207
2/6/2020 15:13,14.501,17.656,-1.2602,-19.642,25.4277,6.049,2111.8488,139.128,2208
2/6/2020 15:13,14.509,17.664,-3.3235,-23.2759,28.9532,7.2489,2104.6409,139.136,2209
2/6/2020 15:13,14.517,17.672,-1.1848,-19.2793,24.523,5.5692,2125.5431,139.144,2210
2/6/2020 15:13,14.525,17.68,-3.3017,-23.3019,29.1123,7.3147,2088.5774,139.152,2211
2/6/2020 15:13,14.533,17.688,-1.6485,-19.8764,25.0347,5.7802,2138.236,139.16,2212
2/6/2020 15:13,14.541,17.696,-2.5823,-22.3158,28.1934,6.8307,2078.3247,139.168,2213
2/6/2020 15:13,14.549,17.704,-2.0269,-20.5259,25.7872,6.1579,2141.5061,139.176,2214
2/6/2020 15:13,14.557,17.712,-1.9852,-21.2607,27.2116,6.3224,2080.9975,139.184,2215
2/6/2020 15:13,14.565,17.72,-2.6184,-21.3982,26.8352,6.4711,2128.292,139.192,2216
2/6/2020 15:13,14.573,17.728,-1.3496,-20.2061,25.9102,5.8005,2086.6628,139.2,2217
2/6/2020 15:13,14.581,17.736,-2.994,-22.2731,27.8545,6.853,2115.061,139.208,2218
2/6/2020 15:13,14.589,17.744,-1.1472,-19.7681,25.3889,5.7915,2102.5631,139.216,2219
2/6/2020 15:13,14.597,17.752,-2.8976,-22.3036,27.9148,6.5642,2097.8815,139.224,2220
2/6/2020 15:13,14.605,17.76,-1.3959,-19.5722,25.4721,6.1433,2119.5076,139.232,2221
2/6/2020 15:13,14.613,17.768,-3.0541,-22.7435,28.3159,6.5987,2082.8864,139.24,2222
2/6/2020 15:13,14.621,17.776,-1.2234,-19.7507,25.581,6.2333,2133.1246,139.248,2223
2/6/2020 15:13,14.629,17.784,-3.097,-22.5906,28.1407,6.4457,2078.0908,139.256,2224
2/6/2020 15:13,14.637,17.792,-1.5175,-19.7052,25.8901,6.4524,2137.2499,139.264,2225
2/6/2020 15:13,14.645,17.8,-2.9694,-22.0732,27.1229,6.1279,2080.4719,139.272,2226
2/6/2020 15:13,14.653,17.808,-1.3975,-20.3474,26.6582,6.5646,2128.0879,139.28,2227
2/6/2020 15:13,14.661,17.816,-2.2155,-20.8491,25.5895,5.4012,2090.8642,139.288,2228
2/6/2020 15:13,14.669,17.824,-1.8159,-21.298,27.8368,6.9516,2110.6339,139.296,2229
2/6/2020 15:13,14.677,17.832,-1.382,-19.5574,24.0226,4.4309,2104.109,139.304,2230
2/6/2020 15:13,14.685,17.84,-2.3051,-21.99,28.8477,7.37,2090.8604,139.312,2231
2/6/2020 15:13,14.693,17.848,-1.3404,-19.4656,24.0155,4.5316,2121.4143,139.32,2232
2/6/2020 15:13,14.701,17.856,-2.4402,-22.2447,29.1015,7.379,2075.67,139.328,2233
2/6/2020 15:13,14.709,17.864,-1.8129,-19.9695,24.8586,5.1789,2128.2804,139.336,2234
2/6/2020 15:13,14.717,17.872,-2.4962,-22.3065,28.9549,7.3709,2072.887,139.344,2235
2/6/2020 15:13,14.725,17.88,-2.2248,-20.7723,26.1935,5.9921,2140.9661,139.352,2236
2/6/2020 15:13,14.733,17.888,-2.2869,-21.7592,27.9182,6.698,2078.5726,139.36,2237
2/6/2020 15:13,14.741,17.896,-2.3635,-21.252,27.0682,6.3134,2138.2933,139.368,2238
2/6/2020 15:13,14.749,17.904,-1.9248,-21.328,27.1176,6.2171,2086.9094,139.376,2239
2/6/2020 15:13,14.757,17.912,-2.4119,-22.1691,28.2792,6.766,2126.3793,139.384,2240
2/6/2020 15:13,14.765,17.92,-1.8845,-20.6958,26.2752,5.7593,2106.9198,139.392,2241
2/6/2020 15:13,14.773,17.928,-2.7011,-22.611,29.2033,7.32,2111.336,139.4,2242
2/6/2020 15:13,14.781,17.936,-2.0894,-20.6501,25.7991,5.9193,2123.4085,139.408,2243
2/6/2020 15:13,14.789,17.944,-2.7754,-23.0623,29.7875,7.7558,2099.545,139.416,2244
2/6/2020 15:13,14.797,17.952,-2.2079,-20.5158,25.5772,5.7022,2143.8684,139.424,2245
2/6/2020 15:13,14.805,17.96,-2.8217,-23.2848,30.2775,7.9771,2088.3301,139.432,2246
2/6/2020 15:13,14.813,17.968,-2.5147,-20.9257,25.9744,5.8327,2153.1434,139.44,2247
2/6/2020 15:13,14.821,17.976,-2.4872,-22.6104,29.4437,7.7177,2087.2945,139.448,2248
2/6/2020 15:13,14.829,17.984,-2.6409,-21.4418,26.3462,6.0047,2150.5029,139.456,2249
2/6/2020 15:13,14.837,17.992,-1.9204,-21.4454,27.8712,6.9706,2090.9446,139.464,2250
2/6/2020 15:13,14.845,18,-3.1764,-22.468,27.5932,6.4954,2139.7935,139.472,2251
2/6/2020 15:13,14.853,18.008,-1.3274,-20.3767,26.519,6.3316,2103.5981,139.48,2252
2/6/2020 15:13,14.861,18.016,-3.5617,-23.3937,28.7957,6.9929,2128.7247,139.488,2253
2/6/2020 15:13,14.869,18.024,-1.1496,-19.9297,26.0287,6.2714,2121.3273,139.496,2254
2/6/2020 15:13,14.877,18.032,-3.5175,-23.7522,29.4718,7.1876,2111.337,139.504,2255
2/6/2020 15:13,14.885,18.04,-1.4404,-20.0445,26.0134,6.3108,2137.0267,139.512,2256
2/6/2020 15:13,14.893,18.048,-3.5082,-24.0106,29.9123,7.312,2095.7421,139.52,2257
2/6/2020 15:13,14.901,18.056,-1.7435,-20.437,26.4633,6.6198,2147.646,139.528,2258
2/6/2020 15:13,14.909,18.064,-3.432,-23.4989,29.5494,7.3118,2089.7754,139.536,2259
2/6/2020 15:13,14.917,18.072,-2.3311,-21.2342,27.3476,7.1255,2151.2295,139.544,2260
2/6/2020 15:13,14.925,18.08,-3.0607,-23.0702,28.8756,7.1405,2093.249,139.552,2261
2/6/2020 15:13,14.933,18.088,-2.9271,-22.2894,28.4684,7.5644,2145.7862,139.56,2262
2/6/2020 15:13,14.941,18.096,-2.5863,-22.1058,27.8266,6.6806,2102.8881,139.568,2263
2/6/2020 15:13,14.949,18.104,-3.4615,-23.2145,29.6957,8.079,2134.265,139.576,2264
2/6/2020 15:13,14.957,18.112,-2.248,-21.2159,26.8019,6.5329,2117.9354,139.584,2265
2/6/2020 15:13,14.965,18.12,-3.3469,-23.543,29.8012,7.7193,2114.2114,139.592,2266
2/6/2020 15:13,14.973,18.128,-1.7215,-20.3746,25.9612,6.0242,2131.3818,139.6,2267
2/6/2020 15:13,14.981,18.136,-3.144,-23.7642,29.9236,7.419,2099.8305,139.608,2268
2/6/2020 15:13,14.989,18.144,-1.5513,-20.5691,26.1816,6.3393,2148.6302,139.616,2269
2/6/2020 15:13,14.997,18.152,-3.3478,-24.0605,30.0032,7.345,2091.3889,139.624,2270
2/6/2020 15:13,15.005,18.16,-2.2514,-21.6897,27.9248,7.192,2149.6927,139.632,2271
2/6/2020 15:13,15.013,18.168,-3.784,-24.3551,30.1885,7.6624,2090.1874,139.64,2272
2/6/2020 15:13,15.021,18.176,-3.1114,-23.3205,30.0668,8.581,2149.8846,139.648,2273
2/6/2020 15:13,15.029,18.184,-3.6013,-24.0365,29.5636,7.5011,2102.705,139.656,2274
2/6/2020 15:13,15.037,18.192,-3.4087,-24.039,30.9049,8.7802,2136.7409,139.664,2275
2/6/2020 15:13,15.045,18.2,-3.3675,-23.4464,28.8413,6.9873,2113.7218,139.672,2276
2/6/2020 15:13,15.053,18.208,-3.2214,-24.3338,31.748,8.8199,2117.9029,139.68,2277
2/6/2020 15:13,15.061,18.216,-3.1846,-22.7406,27.9781,6.6141,2129.4337,139.688,2278
2/6/2020 15:13,15.069,18.224,-3.6034,-24.7081,32.2735,9.2962,2105.4363,139.696,2279
2/6/2020 15:13,15.077,18.232,-3.517,-22.8465,28.0473,7.0803,2146.7889,139.704,2280
2/6/2020 15:13,15.085,18.24,-3.7002,-24.9038,32.2903,9.3091,2090.2434,139.712,2281
2/6/2020 15:13,15.093,18.248,-3.6004,-22.8676,28.0793,7.05,2147.5305,139.72,2282
2/6/2020 15:13,15.101,18.256,-3.3663,-24.193,31.4194,8.7214,2082.0544,139.728,2283
2/6/2020 15:13,15.109,18.264,-3.5286,-23.422,28.8922,7.4859,2147.5931,139.736,2284
2/6/2020 15:13,15.117,18.272,-2.7872,-23.3835,29.9587,7.8947,2088.1701,139.744,2285
2/6/2020 15:13,15.125,18.28,-3.2563,-23.6569,29.2416,7.4209,2137.4534,139.752,2286
2/6/2020 15:13,15.133,18.288,-2.2362,-22.0993,27.9435,6.9751,2097.8727,139.76,2287
2/6/2020 15:13,15.141,18.296,-3.0963,-23.9409,29.8706,7.4233,2122.8872,139.768,2288
2/6/2020 15:13,15.149,18.304,-1.6039,-21.0938,26.2673,6.0771,2113.3881,139.776,2289
2/6/2020 15:13,15.157,18.312,-3.0338,-23.9834,30.1466,7.611,2102.9426,139.784,2290
2/6/2020 15:13,15.165,18.32,-1.4005,-20.4717,25.2975,5.4829,2130.731,139.792,2291
2/6/2020 15:13,15.173,18.328,-2.8018,-23.6299,29.776,7.5644,2089.1531,139.8,2292
2/6/2020 15:13,15.181,18.336,-1.6603,-20.5322,25.2261,5.4183,2143.3951,139.808,2293
2/6/2020 15:13,15.189,18.344,-2.3728,-22.7545,28.9034,7.2283,2083.5739,139.816,2294
2/6/2020 15:13,15.197,18.352,-2.2269,-21.3721,26.1425,5.9648,2149.8489,139.824,2295
2/6/2020 15:13,15.205,18.36,-1.699,-21.473,27.4165,6.7563,2088.1544,139.832,2296
2/6/2020 15:13,15.213,18.368,-2.7599,-22.2525,27.2892,6.4193,2145.1904,139.84,2297
2/6/2020 15:13,15.221,18.376,-1.1111,-20.4177,26.2993,6.0928,2094.401,139.848,2298
2/6/2020 15:13,15.229,18.384,-2.9643,-23.0761,28.2971,6.6289,2131.893,139.856,2299
2/6/2020 15:13,15.237,18.392,-0.5045,-19.7914,25.3353,5.5916,2109.3347,139.864,2300
2/6/2020 15:13,15.245,18.4,-2.9947,-23.3541,28.5773,6.6654,2114.4515,139.872,2301
2/6/2020 15:13,15.253,18.408,-0.2906,-19.1614,24.8815,5.3614,2126.5405,139.88,2302
2/6/2020 15:13,15.261,18.416,-3.0345,-23.2677,28.4807,6.6544,2099.3106,139.888,2303
2/6/2020 15:13,15.269,18.424,-0.4614,-19.1751,25.017,5.5861,2139.4864,139.896,2304
2/6/2020 15:13,15.277,18.432,-2.6909,-22.7031,28.0027,6.116,2090.0221,139.904,2305
2/6/2020 15:13,15.285,18.44,-0.8956,-19.6676,25.4768,5.7396,2146.4069,139.912,2306
2/6/2020 15:13,15.293,18.448,-2.1019,-22.0522,27.3356,5.6859,2085.6137,139.92,2307
2/6/2020 15:13,15.301,18.456,-1.3028,-20.5178,26.7871,6.2928,2146.3565,139.928,2308
2/6/2020 15:13,15.309,18.464,-1.8238,-21.5494,26.7935,5.3788,2093.9274,139.936,2309
2/6/2020 15:13,15.317,18.472,-1.7881,-21.7131,28.0689,6.8046,2134.4885,139.944,2310
2/6/2020 15:13,15.325,18.48,-1.8414,-21.3732,26.5443,5.5545,2105.0957,139.952,2311
2/6/2020 15:13,15.333,18.488,-2.304,-22.6887,29.1511,7.1456,2121.7108,139.96,2312
2/6/2020 15:13,15.341,18.496,-1.4874,-20.666,25.8178,5.5268,2123.4144,139.968,2313
2/6/2020 15:13,15.349,18.504,-2.2767,-22.9584,29.336,7.0873,2105.5243,139.976,2314
2/6/2020 15:13,15.357,18.512,-1.2994,-20.1253,25.4799,5.5118,2140.5877,139.984,2315
2/6/2020 15:13,15.365,18.52,-2.623,-23.0925,29.1921,6.9699,2090.0778,139.992,2316
2/6/2020 15:13,15.373,18.528,-1.3276,-20.0835,25.7009,5.609,2147.6594,140,2317
2/6/2020 15:13,15.381,18.536,-2.5156,-22.6656,28.4307,6.5923,2087.893,140.008,2318
2/6/2020 15:13,15.389,18.544,-1.3607,-20.7128,26.5102,6.2063,2148.6349,140.016,2319
2/6/2020 15:13,15.397,18.552,-2.2222,-22.1077,27.3059,6.0036,2090.7161,140.024,2320
2/6/2020 15:13,15.405,18.56,-1.6427,-21.5295,27.5591,6.5391,2141.2282,140.032,2321
2/6/2020 15:13,15.413,18.568,-1.5642,-20.8359,25.4382,5.0819,2100.8098,140.04,2322
2/6/2020 15:13,15.421,18.576,-1.9363,-22.2674,28.5922,7.1738,2123.128,140.048,2323
2/6/2020 15:13,15.429,18.584,-0.8388,-19.5262,23.8159,4.1624,2115.5995,140.056,2324
2/6/2020 15:13,15.437,18.592,-1.6492,-22.2032,28.6785,7.1596,2103.5737,140.064,2325
2/6/2020 15:13,15.445,18.6,-0.7307,-19.1961,23.2514,3.8429,2128.8674,140.072,2326
2/6/2020 15:13,15.453,18.608,-1.5126,-21.8602,28.1978,6.8762,2089.8161,140.08,2327
2/6/2020 15:13,15.461,18.616,-1.1153,-19.6823,23.7375,4.1014,2146.1743,140.088,2328
2/6/2020 15:13,15.469,18.624,-1.1732,-21.1597,27.2198,6.2726,2082.9027,140.096,2329
2/6/2020 15:13,15.477,18.632,-1.4417,-20.2221,24.5429,4.5158,2147.9406,140.104,2330
2/6/2020 15:13,15.485,18.64,-0.9863,-20.468,26.4545,5.9943,2081.5316,140.112,2331
2/6/2020 15:13,15.493,18.648,-1.9879,-21.2988,25.821,5.3537,2142.9124,140.12,2332
2/6/2020 15:13,15.501,18.656,-0.8173,-19.8891,25.3985,5.5938,2092.3928,140.128,2333
2/6/2020 15:13,15.509,18.664,-2.2248,-22.0253,26.8845,5.9359,2133.6674,140.136,2334
2/6/2020 15:13,15.517,18.672,-0.3218,-19.0049,24.1688,4.9479,2107.5776,140.144,2335
2/6/2020 15:13,15.525,18.68,-2.4008,-22.5964,27.7187,6.277,2116.9133,140.152,2336
2/6/2020 15:13,15.533,18.688,-0.0762,-18.4772,23.3299,4.414,2121.9321,140.16,2337
2/6/2020 15:13,15.541,18.696,-2.2912,-22.545,27.8252,6.4001,2096.3291,140.168,2338
2/6/2020 15:13,15.549,18.704,-0.2234,-18.8008,23.4368,4.2428,2134.9074,140.176,2339
2/6/2020 15:13,15.557,18.712,-1.7258,-21.4912,26.7376,5.7809,2085.0891,140.184,2340
2/6/2020 15:13,15.565,18.72,-0.1813,-19.0782,23.7021,4.1502,2142.4334,140.192,2341
2/6/2020 15:19,53.949,417.104,-11.1371,-60.0809,46.4212,35.6558,-2.4364,538.576,5138
2/6/2020 15:19,53.957,417.112,-10.2446,-59.196,46.965,36.4359,-2.9426,538.584,5139
2/6/2020 15:19,53.965,417.12,-10.9475,-60.0148,46.2786,35.4064,-2.1541,538.592,5140
2/6/2020 15:19,53.973,417.128,-10.0883,-59.1176,46.6756,36.222,-2.8137,538.6,5141
2/6/2020 15:19,53.981,417.136,-10.8755,-59.9374,46.4628,35.4368,-3.6426,538.608,5142
2/6/2020 15:19,53.989,417.144,-10.0916,-59.2663,46.9244,36.3983,-2.6003,538.616,5143
2/6/2020 15:19,53.997,417.152,-10.7549,-59.7948,46.2223,35.3395,-2.4368,538.624,5144
2/6/2020 15:19,54.005,417.16,-10.3097,-59.2282,46.6291,36.2258,-3.4867,538.632,5145
2/6/2020 15:19,54.013,417.168,-10.7225,-59.7724,46.0125,35.5853,-2.1659,538.64,5146
2/6/2020 15:19,54.021,417.176,-10.2617,-59.0924,46.1654,36.1149,-2.7654,538.648,5147
2/6/2020 15:19,54.029,417.184,-10.6366,-59.4879,45.7842,35.445,-3.0274,538.656,5148
2/6/2020 15:19,54.037,417.192,-10.3638,-59.018,45.8729,35.9135,-4.7759,538.664,5149
2/6/2020 15:19,54.045,417.2,-10.4963,-59.1936,45.538,35.4111,0.2384,538.672,5150
2/6/2020 15:19,54.053,417.208,-10.0675,-59.0186,45.5966,35.5214,-5.451,538.68,5151
2/6/2020 15:19,54.061,417.216,-10.2769,-59.1299,45.5883,35.3908,-0.6799,538.688,5152
2/6/2020 15:19,54.069,417.224,-10.1757,-59.1609,45.8952,35.5021,17.6712,538.696,5153
2/6/2020 15:19,54.077,417.232,-10.1655,-59.3025,46.192,35.6014,20.1401,538.704,5154
2/6/2020 15:19,54.085,417.24,-10.234,-59.4657,45.8198,35.4407,72.9952,538.712,5155
2/6/2020 15:19,54.093,417.248,-10.021,-59.1097,45.9855,35.8634,123.7746,538.72,5156
2/6/2020 15:19,54.101,417.256,-11.796,-60.6481,46.4718,36.5735,128.678,538.728,5157
2/6/2020 15:19,54.109,417.264,-13.0441,-62.2041,49.9477,39.5751,246.4107,538.736,5158
2/6/2020 15:19,54.117,417.272,-13.607,-62.3412,48.9025,38.4317,277.0107,538.744,5159
2/6/2020 15:19,54.125,417.28,-11.2848,-60.2259,47.6621,37.7218,272.0617,538.752,5160
2/6/2020 15:19,54.133,417.288,-14.4451,-63.0109,49.9125,39.0711,305.2574,538.76,5161
2/6/2020 15:19,54.141,417.296,-11.7137,-60.7195,48.3975,38.2121,279.0203,538.768,5162
2/6/2020 15:19,54.149,417.304,-13.6048,-62.5396,49.147,38.2272,335.7127,538.776,5163
2/6/2020 15:19,54.157,417.312,-17.1566,-66.9429,56.2815,44.6512,286.5911,538.784,5164
2/6/2020 15:19,54.165,417.32,-16.8094,-66.7237,54.9063,42.34,333.8635,538.792,5165
2/6/2020 15:19,54.173,417.328,-31.7622,-77.4192,66.8345,59.538,296.8221,538.8,5166
2/6/2020 15:19,54.181,417.336,-19.6509,-69.0971,55.3214,45.3823,344.3227,538.808,5167
2/6/2020 15:19,54.189,417.344,-25.9832,-78.7313,67.3824,55.4208,319.9558,538.816,5168
2/6/2020 15:19,54.197,417.352,-28.5355,-82.0366,69.2765,56.7311,345.7571,538.824,5169
2/6/2020 15:19,54.205,417.36,-26.2654,-82.2748,69.907,56.7041,343.3815,538.832,5170
2/6/2020 15:19,54.213,417.368,-19.9067,-76.3237,61.149,48.172,348.9358,538.84,5171
2/6/2020 15:19,54.221,417.376,-27.5965,-78.5337,65.1778,55.9974,364.305,538.848,5172
2/6/2020 15:19,54.229,417.384,-20.9041,-71.1003,57.0678,47.3964,349.3566,538.856,5173
2/6/2020 15:19,54.237,417.392,-20.1304,-70.8729,56.7244,47.2941,384.2978,538.864,5174
2/6/2020 15:19,54.245,417.4,-49.4854,-93.6955,77.9809,78.3582,372.0093,538.872,5175
2/6/2020 15:19,54.253,417.408,-55.4639,-103.1619,80.3281,86.909,457.4593,538.88,5176
2/6/2020 15:19,54.261,417.416,-95.2209,-152.1649,123.122,135.0004,464.1324,538.888,5177
2/6/2020 15:19,54.269,417.424,-104.3581,-161.9202,117.1577,145.8899,575.4545,538.896,5178
2/6/2020 15:19,54.277,417.432,-146.7709,-212.459,160.7858,197.2879,613.5721,538.904,5179
2/6/2020 15:19,54.285,417.44,-175.2502,-247.4062,185.0448,231.0168,743.5815,538.912,5180
2/6/2020 15:19,54.293,417.448,-207.7864,-289.1754,213.0485,272.591,810.593,538.92,5181
2/6/2020 15:19,54.301,417.456,-235.3479,-323.6698,231.4469,305.3877,914.5641,538.928,5182
2/6/2020 15:19,54.309,417.464,-272.1502,-368.1796,266.6527,351.2839,951.7575,538.936,5183
2/6/2020 15:19,54.317,417.472,-287.1053,-386.7148,273.0525,367.5929,1046.4095,538.944,5184
2/6/2020 15:19,54.325,417.48,-314.3431,-417.3924,299.8442,401.3919,1104.8129,538.952,5185
2/6/2020 15:19,54.333,417.488,-342.885,-446.592,324.2731,431.0463,1127.2882,538.96,5186
2/6/2020 15:19,54.341,417.496,-347.7282,-443.6843,319.7073,435.9151,1248.6604,538.968,5187
2/6/2020 15:19,54.349,417.504,-396.6005,-488.9234,364.5705,485.8444,1224.4535,538.976,5188
2/6/2020 15:19,54.357,417.512,-385.5414,-463.6496,333.3501,470.3174,1362.6752,538.984,5189
2/6/2020 15:19,54.365,417.52,-445.6255,-518.6243,389.2916,532.8768,1295.7117,538.992,5190
2/6/2020 15:19,54.373,417.528,-425.6744,-488.1602,347.0242,507.9909,1416.9979,539,5191
2/6/2020 15:19,54.381,417.536,-476.7062,-537.8888,391.7562,563.3254,1364.387,539.008,5192
2/6/2020 15:19,54.389,417.544,-484.0525,-543.1441,391.5313,571.9912,1484.476,539.016,5193
2/6/2020 15:19,54.397,417.552,-528.6212,-588.4828,432.5476,621.072,1465.879,539.024,5194
2/6/2020 15:19,54.405,417.56,-529.4466,-588.6504,425.7146,622.0362,1541.6476,539.032,5195
2/6/2020 15:19,54.413,417.568,-562.6121,-623.1442,457.5624,659.241,1561.2798,539.04,5196
2/6/2020 15:19,54.421,417.576,-573.1825,-635.6758,465.0226,671.6318,1564.4538,539.048,5197
2/6/2020 15:19,54.429,417.584,-574.5522,-634.4834,459.3981,672.0703,1624.4597,539.056,5198
2/6/2020 15:19,54.437,417.592,-605.9146,-670.8123,494.822,708.7833,1570.7658,539.064,5199
2/6/2020 15:19,54.445,417.6,-582.6678,-642.2562,461.679,680.5005,1657.9097,539.072,5200
2/6/2020 15:19,54.453,417.608,-626.3256,-691.7337,513.3896,731.5635,1572.6673,539.08,5201
2/6/2020 15:19,54.461,417.616,-597.4874,-657.6549,474.7718,697.0881,1670.5249,539.088,5202
2/6/2020 15:19,54.469,417.624,-634.3443,-699.1416,518.4025,739.6857,1587.7278,539.096,5203
2/6/2020 15:19,54.477,417.632,-613.6875,-675.0768,490.8054,715.4748,1674.5432,539.104,5204
2/6/2020 15:19,54.485,417.64,-636.7347,-700.6454,517.0311,741.2767,1606.1535,539.112,5205
2/6/2020 15:19,54.493,417.648,-626.8087,-689.5102,503.6141,730.2745,1674.2164,539.12,5206
2/6/2020 15:19,54.501,417.656,-639.3927,-702.9797,517.5206,743.5537,1635.0336,539.128,5207
2/6/2020 15:19,54.509,417.664,-638.6137,-702.2878,515.6237,743.5622,1664.8881,539.136,5208
2/6/2020 15:19,54.517,417.672,-640.537,-703.3293,516.0374,744.0153,1660.0631,539.144,5209
2/6/2020 15:19,54.525,417.68,-647.9024,-712.3008,525.1373,754.3155,1659.1731,539.152,5210
2/6/2020 15:19,54.533,417.688,-641.5,-703.5611,514.4506,744.4308,1698.1728,539.16,5211
2/6/2020 15:19,54.541,417.696,-655.3167,-720.0979,532.5326,762.5755,1654.6546,539.168,5212
2/6/2020 15:19,54.549,417.704,-644.9269,-706.5836,516.3835,747.7128,1727.0541,539.176,5213
2/6/2020 15:19,54.557,417.712,-661.5823,-726.4525,538.7252,769.5554,1657.3114,539.184,5214
2/6/2020 15:19,54.565,417.72,-649.4567,-711.0943,519.6848,752.3575,1744.7207,539.192,5215
2/6/2020 15:19,54.573,417.728,-665.7004,-730.4986,542.2946,773.8254,1669.0323,539.2,5216
2/6/2020 15:19,54.581,417.736,-654.9712,-716.9133,524.3398,758.4955,1746.4703,539.208,5217
2/6/2020 15:19,54.589,417.744,-666.0643,-729.6747,540.1303,773.619,1688.1571,539.216,5218
2/6/2020 15:19,54.597,417.752,-662.3547,-724.5503,531.2952,767.017,1737.5725,539.224,5219
2/6/2020 15:19,54.605,417.76,-666.2432,-728.6944,537.8013,773.0785,1712.4128,539.232,5220
2/6/2020 15:19,54.613,417.768,-670.2943,-732.8466,539.3467,776.1069,1713.9702,539.24,5221
2/6/2020 15:19,54.621,417.776,-665.9234,-727.1946,534.6541,771.8743,1723.5007,539.248,5222
2/6/2020 15:19,54.629,417.784,-676.6245,-739.4085,546.3499,783.272,1696.251,539.256,5223
2/6/2020 15:19,54.637,417.792,-668.4363,-729.2128,535.652,773.8069,1744.1869,539.264,5224
2/6/2020 15:19,54.645,417.8,-680.2264,-743.0806,549.6012,787.3538,1691.8627,539.272,5225
2/6/2020 15:19,54.653,417.808,-670.6445,-730.8675,535.9919,775.6042,1764.0947,539.28,5226
2/6/2020 15:19,54.661,417.816,-683.3189,-746.1158,552.4572,791.0261,1694.3661,539.288,5227
2/6/2020 15:19,54.669,417.824,-673.9291,-733.8923,537.8102,778.5774,1769.3999,539.296,5228
2/6/2020 15:19,54.677,417.832,-684.5691,-746.7012,552.9501,792.2713,1704.0021,539.304,5229
2/6/2020 15:19,54.685,417.84,-677.9041,-737.9155,540.7742,782.6409,1758.8527,539.312,5230
2/6/2020 15:19,54.693,417.848,-683.326,-744.4556,550.1334,790.4426,1714.4094,539.32,5231
2/6/2020 15:19,54.701,417.856,-682.3561,-742.3549,545.5603,787.4327,1745.7441,539.328,5232
2/6/2020 15:19,54.709,417.864,-681.6233,-741.6912,546.8716,788.2195,1742.6618,539.336,5233
2/6/2020 15:19,54.717,417.872,-684.1246,-744.0931,547.2852,789.0547,1735.9412,539.344,5234
2/6/2020 15:19,54.725,417.88,-681.1631,-740.5138,545.635,787.3285,1764.373,539.352,5235
2/6/2020 15:19,54.733,417.888,-686.6462,-746.7045,550.2217,791.6754,1721.9038,539.36,5236
2/6/2020 15:19,54.741,417.896,-680.1747,-738.8899,543.2004,785.8735,1779.7099,539.368,5237
2/6/2020 15:19,54.749,417.904,-687.9494,-748.0433,551.4676,793.1356,1713.5485,539.376,5238
2/6/2020 15:19,54.757,417.912,-679.5454,-737.7454,541.1717,784.7677,1781.0316,539.384,5239
2/6/2020 15:19,54.765,417.92,-689.0957,-749.0921,552.4639,794.1858,1717.5308,539.392,5240
2/6/2020 15:19,54.773,417.928,-680.9251,-739.3163,541.9728,786.1557,1774.697,539.4,5241
2/6/2020 15:19,54.781,417.936,-689.0605,-748.5944,551.4948,793.9873,1731.3216,539.408,5242
2/6/2020 15:19,54.789,417.944,-683.8719,-742.4084,544.2443,789.1096,1761.2735,539.416,5243
2/6/2020 15:19,54.797,417.952,-688.8085,-747.6624,549.9376,793.4877,1752.0326,539.424,5244
2/6/2020 15:19,54.805,417.96,-688.7478,-747.7568,549.5732,794.6318,1737.6339,539.432,5245
2/6/2020 15:19,54.813,417.968,-688.6021,-746.9112,548.7348,793.0181,1759.341,539.44,5246
2/6/2020 15:19,54.821,417.976,-692.8636,-752.3014,554.256,799.0598,1716.0232,539.448,5247
2/6/2020 15:19,54.829,417.984,-688.5822,-746.4328,547.3781,792.7458,1775.0442,539.456,5248
2/6/2020 15:19,54.837,417.992,-695.127,-754.5991,556.3004,801.1571,1704.0587,539.464,5249
2/6/2020 15:19,54.845,418,-688.8366,-746.439,546.7413,792.9634,1773.4852,539.472,5250
2/6/2020 15:19,54.853,418.008,-696.4051,-755.8343,557.603,802.1725,1700.1757,539.48,5251
2/6/2020 15:19,54.861,418.016,-690.0033,-747.6816,548.0073,794.2094,1774.6833,539.488,5252
2/6/2020 15:19,54.869,418.024,-696.9038,-756.1417,558.2077,802.2748,1713.2652,539.496,5253
2/6/2020 15:19,54.877,418.032,-691.3748,-749.3711,550.1187,795.8355,1765.1068,539.504,5254
2/6/2020 15:19,54.885,418.04,-697.4853,-756.6109,558.8464,802.4214,1735.1602,539.512,5255
2/6/2020 15:19,54.893,418.048,-693.3232,-752.1719,553.6647,798.5289,1747.7923,539.52,5256
2/6/2020 15:19,54.901,418.056,-697.1981,-755.9749,558.053,801.5306,1755.9432,539.528,5257
2/6/2020 15:19,54.909,418.064,-695.2948,-754.5856,556.5483,800.621,1729.5557,539.536,5258
2/6/2020 15:19,54.917,418.072,-695.3535,-753.7361,554.926,798.819,1776.2231,539.544,5259
2/6/2020 15:19,54.925,418.08,-695.7898,-755.3785,557.6724,801.4783,1717.5821,539.552,5260
2/6/2020 15:19,54.933,418.088,-693.1747,-750.8699,551.2387,795.7326,1784.3555,539.56,5261
2/6/2020 15:19,54.941,418.096,-697.9541,-757.9623,560.7822,804.1628,1708.3165,539.568,5262
2/6/2020 15:19,54.949,418.104,-692.9211,-750.7579,550.6998,795.2877,1786.514,539.576,5263
2/6/2020 15:19,54.957,418.112,-699.6727,-759.7549,563.1291,805.9756,1714.9626,539.584,5264
2/6/2020 15:19,54.965,418.12,-694.4436,-752.6006,552.4826,796.9562,1776.3841,539.592,5265
2/6/2020 15:19,54.973,418.128,-700.5044,-760.5675,563.9748,806.5032,1729.7181,539.6,5266
2/6/2020 15:19,54.981,418.136,-697.7885,-756.6285,557.0012,800.8641,1759.7483,539.608,5267
2/6/2020 15:19,54.989,418.144,-700.7313,-760.5699,563.5964,806.5947,1749.4258,539.616,5268
2/6/2020 15:19,54.997,418.152,-700.1337,-759.6236,560.1284,803.8193,1737.8267,539.624,5269
2/6/2020 15:19,55.005,418.16,-700.2704,-759.4639,561.845,805.1887,1765.1362,539.632,5270
2/6/2020 15:19,55.013,418.168,-703.1476,-763.2605,564.2647,807.5583,1720.8285,539.64,5271
2/6/2020 15:19,55.021,418.176,-698.8916,-757.6148,558.6072,803.2421,1779.1489,539.648,5272
2/6/2020 15:19,55.029,418.184,-704.8851,-765.344,566.7174,809.7892,1715.4825,539.656,5273
2/6/2020 15:19,55.037,418.192,-698.5506,-756.9173,557.0125,802.3236,1784.3865,539.664,5274
2/6/2020 15:19,55.045,418.2,-705.0687,-765.4939,566.6891,810.1186,1717.3937,539.672,5275
2/6/2020 15:19,55.053,418.208,-698.4789,-756.8927,556.2054,801.7731,1781.2873,539.68,5276
2/6/2020 15:19,55.061,418.216,-704.5002,-764.6576,566.1428,809.5959,1731.2439,539.688,5277
2/6/2020 15:19,55.069,418.224,-698.6155,-757.229,556.1929,801.6929,1766.1733,539.696,5278
2/6/2020 15:19,55.077,418.232,-702.7981,-762.3171,563.6331,807.5601,1747.5666,539.704,5279
2/6/2020 15:19,55.085,418.24,-699.1771,-757.8378,556.7706,802.0529,1745.2873,539.712,5280
2/6/2020 15:19,55.093,418.248,-699.8559,-758.42,558.9761,804.0116,1765.299,539.72,5281
2/6/2020 15:19,55.101,418.256,-699.4952,-758.3081,556.9008,802.1725,1726.232,539.728,5282
2/6/2020 15:19,55.109,418.264,-696.9083,-754.646,554.5908,800.4744,1779.5158,539.736,5283
2/6/2020 15:19,55.117,418.272,-701.1598,-760.0266,559.0033,804.1005,1716.8465,539.744,5284
2/6/2020 15:19,55.125,418.28,-695.5877,-753.0983,552.3891,798.7795,1781.6292,539.752,5285
2/6/2020 15:19,55.133,418.288,-702.642,-761.6748,561.0009,805.6566,1713.639,539.76,5286
2/6/2020 15:19,55.141,418.296,-694.2786,-751.4917,550.0999,797.2476,1776.9316,539.768,5287
2/6/2020 15:19,55.149,418.304,-702.7566,-761.3625,560.47,805.4242,1721.7579,539.776,5288
2/6/2020 15:19,55.157,418.312,-695.0614,-752.2134,550.3091,798.0099,1758.3969,539.784,5289
2/6/2020 15:19,55.165,418.32,-701.6078,-759.5073,558.0115,803.7218,1730.9271,539.792,5290
2/6/2020 15:19,55.173,418.328,-696.2165,-753.5203,551.3541,799.2424,1737.7419,539.8,5291
2/6/2020 15:19,55.181,418.336,-699.466,-756.6041,554.2958,801.1301,1756.9913,539.808,5292
2/6/2020 15:19,55.189,418.344,-697.8869,-755.5768,553.4889,801.2016,1716.5222,539.816,5293
2/6/2020 15:19,55.197,418.352,-698.1584,-754.7021,552.0259,799.4325,1761.0353,539.824,5294
2/6/2020 15:19,55.205,418.36,-700.6223,-758.5801,557.431,804.0609,1697.2371,539.832,5295
2/6/2020 15:19,55.213,418.368,-697.0656,-753.1625,550.5102,798.0928,1770.6831,539.84,5296
2/6/2020 15:19,55.221,418.376,-701.3966,-759.3197,558.3065,804.5884,1695.3591,539.848,5297
2/6/2020 15:19,55.229,418.384,-695.6222,-751.5101,548.4523,796.4039,1772.0984,539.856,5298
2/6/2020 15:19,55.237,418.392,-701.6311,-759.381,558.5314,804.5814,1702.4816,539.864,5299
2/6/2020 15:19,55.245,418.4,-694.3544,-750.3165,547.1338,795.2252,1763.7619,539.872,5300
2/6/2020 15:19,55.253,418.408,-700.3806,-757.386,556.2283,802.5846,1721.736,539.88,5301
2/6/2020 15:19,55.261,418.416,-694.0776,-750.0445,546.968,794.8927,1744.336,539.888,5302
2/6/2020 15:19,55.269,418.424,-699.4163,-756.0032,554.6737,801.1777,1742.7788,539.896,5303
2/6/2020 15:19,55.277,418.432,-696.6097,-753.1562,550.9551,798.2976,1734.0128,539.904,5304
2/6/2020 15:19,55.285,418.44,-698.1227,-754.1387,552.0729,799.2712,1764.3063,539.912,5305
2/6/2020 15:19,55.293,418.448,-698.0292,-754.873,552.8676,800.1725,1716.9745,539.92,5306
2/6/2020 15:19,55.301,418.456,-696.2118,-751.4598,548.3276,796.2065,1777.6688,539.928,5307
2/6/2020 15:19,55.309,418.464,-699.2278,-756.1732,554.5801,801.745,1710.5874,539.936,5308
2/6/2020 15:19,55.317,418.472,-694.6544,-749.4718,545.4,794.0322,1787.9716,539.944,5309
2/6/2020 15:19,55.325,418.48,-699.4906,-756.4512,554.7501,802.2657,1711.6874,539.952,5310
2/6/2020 15:19,55.333,418.488,-693.8974,-748.4724,543.5092,792.8661,1784.0372,539.96,5311
2/6/2020 15:19,55.341,418.496,-700.1697,-756.5886,555.0644,802.7748,1718.2699,539.968,5312
2/6/2020 15:19,55.349,418.504,-694.286,-748.8486,543.603,793.3343,1770.9467,539.976,5313
2/6/2020 15:19,55.357,418.512,-699.1121,-754.9812,553.0308,801.4437,1735.5897,539.984,5314
2/6/2020 15:19,55.365,418.52,-695.7699,-750.5096,545.3263,795.1772,1755.9604,539.992,5315
2/6/2020 15:19,55.373,418.528,-698.1787,-753.2107,550.8915,799.9739,1754.3589,540,5316
2/6/2020 15:19,55.381,418.536,-697.4051,-752.402,547.3951,796.9134,1736.2017,540.008,5317
2/6/2020 15:19,55.389,418.544,-696.1332,-750.4671,547.0679,797.1443,1767.8926,540.016,5318
2/6/2020 15:19,55.397,418.552,-698.4347,-753.5064,548.703,798.2941,1723.248,540.024,5319
2/6/2020 15:19,55.405,418.56,-694.4059,-748.0979,543.7632,794.7862,1783.3372,540.032,5320
2/6/2020 15:19,55.413,418.568,-699.5106,-754.6698,550.2501,799.9125,1713.0263,540.04,5321
2/6/2020 15:19,55.421,418.576,-693.6056,-747.0544,541.9172,793.4323,1788.6957,540.048,5322
2/6/2020 15:19,55.429,418.584,-699.9657,-755.0386,550.9395,800.4883,1718.3754,540.056,5323
2/6/2020 15:19,55.437,418.592,-693.2124,-746.4458,540.7892,792.6486,1783.7094,540.064,5324
2/6/2020 15:19,55.445,418.6,-699.8178,-754.6276,550.5132,800.4409,1727.5725,540.072,5325
2/6/2020 15:19,55.453,418.608,-693.7447,-747.0975,540.9423,792.8449,1770.8456,540.08,5326
2/6/2020 15:19,55.461,418.616,-698.9168,-753.313,549.0974,799.4059,1744.4699,540.088,5327
2/6/2020 15:19,55.469,418.624,-695.0991,-748.5968,542.6253,794.3653,1750.596,540.096,5328
2/6/2020 15:19,55.477,418.632,-697.463,-751.3949,546.9923,797.7776,1759.5865,540.104,5329
2/6/2020 15:19,55.485,418.64,-696.9289,-750.7471,544.8842,796.1829,1733.9812,540.112,5330
2/6/2020 15:19,55.493,418.648,-695.583,-748.4936,543.6967,795.3803,1776.179,540.12,5331
2/6/2020 15:19,55.501,418.656,-698.4748,-752.5691,546.7595,797.9481,1720.5658,540.128,5332
2/6/2020 15:19,55.509,418.664,-693.9986,-746.6357,541.1505,793.6176,1782.8238,540.136,5333
2/6/2020 15:19,55.517,418.672,-699.5829,-753.7077,548.0768,798.9813,1712.4431,540.144,5334
2/6/2020 15:19,55.525,418.68,-692.9143,-745.273,539.2296,792.3346,1782.3696,540.152,5335
2/6/2020 15:19,55.533,418.688,-700.2272,-754.0882,548.4896,799.3989,1717.8504,540.16,5336
2/6/2020 15:19,55.541,418.696,-693.0815,-745.4245,539.1585,792.2828,1774.7706,540.168,5337
2/6/2020 15:19,55.549,418.704,-700.1859,-753.6623,548.0252,799.1063,1727.7866,540.176,5338
2/6/2020 15:19,55.557,418.712,-693.3782,-745.725,539.3246,792.7245,1759.7812,540.184,5339
2/6/2020 15:19,55.565,418.72,-699.34,-752.3979,546.3929,798.0722,1745.827,540.192,5340
2/6/2020 15:19,55.573,418.728,-694.9416,-747.6874,541.5385,794.6909,1743.2616,540.2,5341
2/6/2020 15:19,55.581,418.736,-698.0592,-750.516,544.0208,796.191,1763.4964,540.208,5342
2/6/2020 15:19,55.589,418.744,-696.8203,-749.8697,543.9543,796.6721,1727.5224,540.216,5343
2/6/2020 15:19,55.597,418.752,-696.0219,-747.7284,540.8943,793.7164,1775.4465,540.224,5344
2/6/2020 15:19,55.605,418.76,-697.9129,-751.1464,545.4059,797.9115,1716.1775,540.232,5345
2/6/2020 15:19,55.613,418.768,-694.5074,-745.8428,538.4531,791.8605,1787.2732,540.24,5346
2/6/2020 15:19,55.621,418.776,-698.709,-751.8194,546.3005,798.6633,1714.3624,540.248,5347
2/6/2020 15:19,55.629,418.784,-693.346,-744.6841,537.1044,790.9586,1788.5463,540.256,5348
2/6/2020 15:19,55.637,418.792,-699.2587,-752.2334,546.8131,799.0079,1721.9088,540.264,5349
2/6/2020 15:19,55.645,418.8,-693.3815,-744.8079,537.0995,790.9815,1780.8243,540.272,5350
2/6/2020 15:19,55.653,418.808,-698.9681,-751.5976,545.7709,798.0781,1737.37,540.28,5351
2/6/2020 15:19,55.661,418.816,-693.4634,-744.9253,537.4482,791.2952,1764.9449,540.288,5352
2/6/2020 15:19,55.669,418.824,-697.8285,-749.7209,543.4803,796.1404,1754.7107,540.296,5353
2/6/2020 15:19,55.677,418.832,-694.5143,-746.1638,539.0218,792.7369,1745.9585,540.304,5354
2/6/2020 15:19,55.685,418.84,-696.2842,-747.6136,540.6314,793.9047,1771.0293,540.312,5355
2/6/2020 15:19,55.693,418.848,-696.0847,-748.1102,541.5776,794.9233,1724.7738,540.32,5356
2/6/2020 15:19,55.701,418.856,-695.0849,-745.8243,538.4371,792.0372,1782.3264,540.328,5357
2/6/2020 15:19,55.709,418.864,-697.8736,-750.3166,544.3018,797.0796,1714.4354,540.336,5358
2/6/2020 15:19,55.717,418.872,-694.2283,-744.7558,536.6983,790.6846,1787.9252,540.344,5359
2/6/2020 15:19,55.725,418.88,-698.6193,-751.2253,545.6597,798.3425,1710.9054,540.352,5360
2/6/2020 15:19,55.733,418.888,-693.9907,-744.5258,536.0298,790.2388,1781.9601,540.36,5361
2/6/2020 15:19,55.741,418.896,-699.0805,-751.5063,546.1134,798.7084,1719.0563,540.368,5362
2/6/2020 15:19,55.749,418.904,-693.6913,-744.3381,535.5147,789.7786,1772.5962,540.376,5363
2/6/2020 15:19,55.757,418.912,-698.587,-750.3805,544.7713,797.9054,1732.5155,540.384,5364
2/6/2020 15:19,55.765,418.92,-694.5294,-745.4656,536.465,790.7211,1756.9778,540.392,5365
2/6/2020 15:19,55.773,418.928,-697.5601,-749.1373,543.1599,796.5069,1750.2041,540.4,5366
2/6/2020 15:19,55.781,418.936,-696.2446,-747.7607,539.3473,793.144,1736.7818,540.408,5367
2/6/2020 15:19,55.789,418.944,-696.2576,-747.4263,540.933,794.6777,1765.2273,540.416,5368
2/6/2020 15:19,55.797,418.952,-697.9697,-749.7938,541.9766,795.1575,1719.5813,540.424,5369
2/6/2020 15:19,55.805,418.96,-694.9709,-745.639,538.442,792.7306,1777.4901,540.432,5370
2/6/2020 15:19,55.813,418.968,-699.0252,-751.0821,543.6235,796.7311,1713.3169,540.44,5371
2/6/2020 15:19,55.821,418.976,-693.685,-743.9674,536.27,790.9799,1782.0521,540.448,5372
2/6/2020 15:19,55.829,418.984,-699.4494,-751.4524,544.4802,797.3364,1712.0637,540.456,5373
2/6/2020 15:19,55.837,418.992,-693.1901,-743.4827,535.0354,789.9925,1779.2056,540.464,5374
2/6/2020 15:19,55.845,419,-699.1602,-751.0463,544.2589,797.0716,1720.5968,540.472,5375
2/6/2020 15:19,55.853,419.008,-693.0191,-743.2878,534.6027,789.6179,1766.199,540.48,5376
2/6/2020 15:19,55.861,419.016,-698.1704,-749.5235,542.6141,796.0029,1737.8017,540.488,5377
2/6/2020 15:19,55.869,419.024,-693.6889,-744.233,535.467,790.0989,1749.9765,540.496,5378
2/6/2020 15:19,55.877,419.032,-696.585,-747.4355,540.4581,794.2588,1754.3823,540.504,5379
2/6/2020 15:19,55.885,419.04,-694.9402,-745.8174,537.1507,791.5756,1731.1068,540.512,5380
2/6/2020 15:19,55.893,419.048,-694.8792,-745.2494,537.8432,792.1966,1770.4239,540.52,5381
2/6/2020 15:19,55.901,419.056,-696.9688,-747.9099,539.6062,793.5765,1716.438,540.528,5382
2/6/2020 15:19,55.909,419.064,-693.2546,-743.2116,535.3609,790.5251,1777.8676,540.536,5383
2/6/2020 15:19,55.917,419.072,-698.3751,-749.6738,541.352,795.151,1711.7813,540.544,5384
2/6/2020 15:19,55.925,419.08,-692.1785,-741.8527,533.6613,789.2182,1780.5795,540.552,5385
2/6/2020 15:19,55.933,419.088,-699.1432,-750.3667,542.5726,796.0283,1713.7251,540.56,5386
2/6/2020 15:19,55.941,419.096,-692.1292,-741.7251,533.4627,789.1034,1770.6214,540.568,5387
2/6/2020 15:19,55.949,419.104,-699.4066,-750.4598,542.6946,795.9972,1722.2948,540.576,5388
2/6/2020 15:19,55.957,419.112,-692.8571,-742.642,534.4782,789.9009,1757.7595,540.584,5389
2/6/2020 15:19,55.965,419.12,-698.8026,-749.3899,541.5434,795.2558,1740.2209,540.592,5390
2/6/2020 15:19,55.973,419.128,-693.9607,-744.1623,536.0565,791.2223,1740.9209,540.6,5391
2/6/2020 15:19,55.981,419.136,-697.8778,-747.9841,539.8337,793.7712,1755.6884,540.608,5392
2/6/2020 15:19,55.989,419.144,-695.9333,-746.684,539.0039,793.5289,1723.032,540.616,5393
2/6/2020 15:19,55.997,419.152,-696.109,-745.8678,537.3901,791.7787,1771.6025,540.624,5394
2/6/2020 15:19,56.005,419.16,-697.4454,-748.3255,540.9966,795.2183,1711.0764,540.632,5395
2/6/2020 15:19,56.013,419.168,-694.717,-743.9557,535.0111,790.0112,1779.7716,540.64,5396
2/6/2020 15:19,56.021,419.176,-698.5916,-749.5716,542.5828,796.3135,1706.684,540.648,5397
2/6/2020 15:19,56.029,419.184,-693.798,-742.926,533.8856,789.1073,1780.2881,540.656,5398
2/6/2020 15:19,56.037,419.192,-699.3073,-750.2848,543.2159,796.8834,1712.0293,540.664,5399
2/6/2020 15:19,56.045,419.2,-693.5865,-742.8977,533.9783,789.2117,1770.7842,540.672,5400
2/6/2020 15:19,56.053,419.208,-699.6304,-750.4421,543.5245,796.8691,1723.2202,540.68,5401
2/6/2020 15:19,56.061,419.216,-694.0228,-743.5837,534.9948,789.9561,1756.5273,540.688,5402
2/6/2020 15:19,56.069,419.224,-698.9733,-749.2151,542.0344,795.6691,1740.8996,540.696,5403
2/6/2020 15:19,56.077,419.232,-695.1984,-745.2486,537.354,791.6719,1737.3471,540.704,5404
2/6/2020 15:19,56.085,419.24,-698.1184,-747.7741,540.2111,794.0302,1758.7068,540.712,5405
2/6/2020 15:19,56.093,419.248,-696.87,-747.214,539.7932,793.858,1715.8936,540.72,5406
2/6/2020 15:19,56.101,419.256,-696.5392,-745.7562,537.6693,791.8206,1774.5893,540.728,5407
2/6/2020 15:19,56.109,419.264,-698.0721,-748.8028,541.9576,795.6022,1708.4521,540.736,5408
2/6/2020 15:19,56.117,419.272,-694.9655,-743.8253,534.9741,789.6428,1780.7934,540.744,5409
2/6/2020 15:20,0.277,423.432,-15.546,-53.1034,32.3817,24.2656,25.6607,544.904,5929
2/6/2020 15:20,0.285,423.44,-13.5084,-50.4303,28.5497,20.9869,153.7399,544.912,5930
2/6/2020 15:20,0.293,423.448,-15.1001,-50.8581,29.1249,23.4694,245.5847,544.92,5931
2/6/2020 15:20,0.301,423.456,-18.2302,-55.7754,34.738,26.2507,541.1634,544.928,5932
2/6/2020 15:20,0.309,423.464,-16.4164,-56.4999,36.4942,26.5659,600.9629,544.936,5933
2/6/2020 15:20,0.317,423.472,-16.4982,-54.2606,32.0174,24.3048,630.039,544.944,5934
2/6/2020 15:20,0.325,423.48,-16.8167,-54.9543,34.0996,26.428,679.4893,544.952,5935
2/6/2020 15:20,0.333,423.488,-10.9001,-47.6686,22.9104,17.5279,687.6374,544.96,5936
2/6/2020 15:20,0.341,423.496,-30.095,-72.1943,57.5148,42.5319,718.126,544.968,5937
2/6/2020 15:20,0.349,423.504,-23.7856,-66.2896,48.7791,33.6919,692.4401,544.976,5938
2/6/2020 15:20,0.357,423.512,-20.5018,-61.4043,42.4879,31.5557,726.318,544.984,5939
2/6/2020 15:20,0.365,423.52,-33.1001,-69.4415,49.1693,42.3865,691.3519,544.992,5940
2/6/2020 15:20,0.373,423.528,-13.8237,-51.4386,27.8556,23.1709,731.6136,545,5941
2/6/2020 15:20,0.381,423.536,-26.2469,-63.3216,40.2196,34.7752,697.2075,545.008,5942
2/6/2020 15:20,0.389,423.544,-18.1756,-57.0926,34.5114,28.3248,729.8486,545.016,5943
2/6/2020 15:20,0.397,423.552,-24.6661,-63.8642,41.6797,34.0118,715.4104,545.024,5944
2/6/2020 15:20,0.405,423.56,-22.7089,-62.2367,40.5143,33.3806,723.5655,545.032,5945
2/6/2020 15:20,0.413,423.568,-27.0971,-66.5383,45.976,37.014,726.7485,545.04,5946
2/6/2020 15:20,0.421,423.576,-67.2209,-104.465,90.5428,82.0765,716.6925,545.048,5947
2/6/2020 15:20,0.429,423.584,-66.8454,-98.1397,80.0929,79.0984,754.5149,545.056,5948
2/6/2020 15:20,0.437,423.592,-30.1075,-79.6741,42.5843,46.1384,724.4476,545.064,5949
2/6/2020 15:20,0.445,423.6,-100.14,-167.7144,117.472,132.6483,796.7739,545.072,5950
2/6/2020 15:20,0.453,423.608,-163.0938,-244.3881,177.2899,210.4994,828.1439,545.08,5951
2/6/2020 15:20,0.461,423.616,-174.6969,-265.3988,170.3197,229.6001,967.8437,545.088,5952
2/6/2020 15:20,0.469,423.624,-242.5097,-349.873,242.602,312.2619,984.7267,545.096,5953
2/6/2020 15:20,0.477,423.632,-257.5912,-368.1197,247.7629,331.8556,1149.9896,545.104,5954
2/6/2020 15:20,0.485,423.64,-303.885,-424.8344,294.2522,387.1408,1149.7467,545.112,5955
2/6/2020 15:20,0.493,423.648,-305.4702,-427.2298,284.3518,390.8607,1272.2968,545.12,5956
2/6/2020 15:20,0.501,423.656,-350.846,-480.2437,331.5266,444.0036,1280.3383,545.128,5957
2/6/2020 15:20,0.509,423.664,-347.9179,-478.9151,320.1328,443.0329,1351.1898,545.136,5958
2/6/2020 15:20,0.517,423.672,-380.6817,-515.0764,352.5076,479.9665,1405.539,545.144,5959
2/6/2020 15:20,0.525,423.68,-390.9572,-530.1299,361.3746,494.8281,1426.2676,545.152,5960
2/6/2020 15:20,0.533,423.688,-401.0856,-539.2237,364.3503,504.8,1519.3425,545.16,5961
2/6/2020 15:20,0.541,423.696,-429.7949,-575.829,398.0089,541.5132,1476.5706,545.168,5962
2/6/2020 15:20,0.549,423.704,-413.351,-554.1167,368.097,519.7809,1596.2111,545.176,5963
2/6/2020 15:20,0.557,423.712,-459.8057,-610.0278,425.031,576.9434,1521.8475,545.184,5964
2/6/2020 15:20,0.565,423.72,-426.8747,-570.1529,376.1104,535.8412,1654.5459,545.192,5965
2/6/2020 15:20,0.573,423.728,-480.7677,-633.2985,443.4013,601.7226,1569.869,545.2,5966
2/6/2020 15:20,0.581,423.736,-445.8242,-592.126,392.8693,558.3166,1686.0772,545.208,5967
2/6/2020 15:20,0.589,423.744,-490.9552,-643.7671,449.0521,613.2456,1615.4139,545.216,5968
2/6/2020 15:20,0.597,423.752,-468.2719,-617.4568,414.5692,584.4075,1698.9078,545.224,5969
2/6/2020 15:20,0.605,423.76,-492.1556,-643.5526,443.582,613.9083,1655.1548,545.232,5970
2/6/2020 15:20,0.613,423.768,-488.037,-638.6271,433.956,607.0643,1696.1198,545.24,5971
2/6/2020 15:20,0.621,423.776,-492.3712,-641.3808,437.9398,612.8986,1689.1792,545.248,5972
2/6/2020 15:20,0.629,423.784,-504.4417,-654.7908,449.6907,625.4225,1690.0251,545.256,5973
2/6/2020 15:20,0.637,423.792,-494.7594,-641.3215,436.0502,614.0923,1719.7866,545.264,5974
2/6/2020 15:20,0.645,423.8,-515.3391,-664.356,459.0586,637.1909,1684.464,545.272,5975
2/6/2020 15:20,0.653,423.808,-498.9094,-643.086,436.2378,617.1764,1746.7968,545.28,5976
2/6/2020 15:20,0.661,423.816,-523.9627,-671.3682,466.0818,646.454,1683.2275,545.288,5977
2/6/2020 15:20,0.669,423.824,-504.9594,-647.1609,439.1969,622.6502,1763.6545,545.296,5978
2/6/2020 15:20,0.677,423.832,-530.3184,-675.8871,470.8562,653.0809,1685.5068,545.304,5979
2/6/2020 15:20,0.685,423.84,-512.7069,-653.456,444.4205,630.2034,1768.6301,545.312,5980
2/6/2020 15:20,0.693,423.848,-532.6032,-675.8018,470.0984,654.6641,1697.3009,545.32,5981
2/6/2020 15:20,0.701,423.856,-521.4212,-660.9717,451.3451,639.1499,1770.1199,545.328,5982
2/6/2020 15:20,0.709,423.864,-532.683,-673.2356,466.6774,653.8625,1718.5767,545.336,5983
2/6/2020 15:20,0.717,423.872,-530.4522,-669.0476,459.0902,648.5499,1760.8477,545.344,5984
2/6/2020 15:20,0.725,423.88,-533.625,-671.5622,464.8386,653.8473,1738.9913,545.352,5985
2/6/2020 15:20,0.733,423.888,-540.438,-678.4217,469.4357,659.2631,1750.7146,545.36,5986
2/6/2020 15:20,0.741,423.896,-534.625,-670.592,463.1188,654.0411,1761.3727,545.368,5987
2/6/2020 15:20,0.749,423.904,-546.1447,-683.2065,474.0389,664.9703,1735.7731,545.376,5988
2/6/2020 15:20,0.757,423.912,-535.8045,-669.9095,461.6309,654.4202,1779.4479,545.384,5989
2/6/2020 15:20,0.765,423.92,-550.3362,-686.1613,477.2036,669.0381,1724.1048,545.392,5990
2/6/2020 15:20,0.773,423.928,-538.5119,-670.9799,462.1058,656.4478,1791.1412,545.4,5991
2/6/2020 15:20,0.781,423.936,-553.4637,-687.8399,478.9652,672.0168,1725.1254,545.408,5992
2/6/2020 15:20,0.789,423.944,-541.2137,-672.2693,462.425,658.7051,1796.793,545.416,5993
2/6/2020 15:20,0.797,423.952,-554.5182,-687.1909,478.2538,672.5839,1730.4034,545.424,5994
2/6/2020 15:20,0.805,423.96,-546.0912,-676.4852,466.2374,663.59,1792.3881,545.432,5995
2/6/2020 15:20,0.813,423.968,-554.9358,-685.9136,477.0008,672.6012,1743.2099,545.44,5996
2/6/2020 15:20,0.821,423.976,-552.4189,-682.1851,471.9852,669.975,1778.7952,545.448,5997
2/6/2020 15:20,0.829,423.984,-553.8796,-683.0571,473.5257,670.9128,1760.6045,545.456,5998
2/6/2020 15:20,0.837,423.992,-556.8438,-686.0692,475.7602,674.2306,1760.2457,545.464,5999
2/6/2020 15:20,0.845,424,-553.4906,-681.0289,471.0891,669.7604,1777.2518,545.472,6000
2/6/2020 15:20,0.853,424.008,-559.8103,-688.0979,477.909,676.9426,1740.3596,545.48,6001
2/6/2020 15:20,0.861,424.016,-553.4767,-679.5738,469.0307,669.2026,1786.9986,545.488,6002
2/6/2020 15:20,0.869,424.024,-561.6161,-689.1113,478.7099,678.3518,1729.7976,545.496,6003
2/6/2020 15:20,0.877,424.032,-554.2245,-679.0085,468.3168,669.5897,1791.8822,545.504,6004
2/6/2020 15:20,0.885,424.04,-562.526,-688.784,478.6123,678.6354,1722.2719,545.512,6005
2/6/2020 15:20,0.893,424.048,-556.0018,-680.0311,469.2627,671.3165,1787.7859,545.52,6006
2/6/2020 15:20,0.901,424.056,-562.9439,-688.1548,477.9414,678.2139,1721.5259,545.528,6007
2/6/2020 15:20,0.909,424.064,-557.365,-680.8003,470.0155,672.615,1778.7028,545.536,6008
2/6/2020 15:20,0.917,424.072,-562.7072,-686.7515,476.5382,677.3778,1732.1912,545.544,6009
2/6/2020 15:20,0.925,424.08,-559.1783,-682.4076,471.9705,674.4127,1763.7591,545.552,6010
2/6/2020 15:20,0.933,424.088,-562.1901,-685.0848,474.887,676.0319,1747.6659,545.56,6011
2/6/2020 15:20,0.941,424.096,-560.4352,-683.069,472.8996,675.4826,1740.5747,545.568,6012
2/6/2020 15:20,0.949,424.104,-560.7919,-682.3541,471.4924,673.5535,1761.631,545.576,6013
2/6/2020 15:20,0.957,424.112,-561.1002,-683.1041,473.6799,675.84,1725.0384,545.584,6014
2/6/2020 15:20,0.965,424.12,-560.0288,-680.5214,469.9537,672.2685,1770.859,545.592,6015
2/6/2020 15:20,0.973,424.128,-561.5627,-683.3458,474.092,676.3746,1710.7483,545.6,6016
2/6/2020 15:20,0.981,424.136,-558.9641,-678.6706,467.4673,670.6534,1776.3894,545.608,6017
2/6/2020 15:20,0.989,424.144,-562.0337,-683.1595,474.2441,676.3257,1705.1049,545.616,6018
2/6/2020 15:20,0.997,424.152,-558.4688,-677.3647,466.2349,669.6362,1776.0579,545.624,6019
2/6/2020 15:20,1.005,424.16,-562.2187,-682.6933,474.0302,675.915,1707.7411,545.632,6020
2/6/2020 15:20,1.013,424.168,-557.7436,-676.4548,465.2951,668.8796,1764.2409,545.64,6021
2/6/2020 15:20,1.021,424.176,-562.0432,-681.6991,472.9989,675.1232,1717.5715,545.648,6022
2/6/2020 15:20,1.029,424.184,-558.5952,-677.0751,466.1249,669.7335,1745.0506,545.656,6023
2/6/2020 15:20,1.037,424.192,-561.0634,-679.7525,470.6773,673.3356,1729.7751,545.664,6024
2/6/2020 15:20,1.045,424.2,-559.6694,-678.1705,467.782,671.1883,1724.8994,545.672,6025
2/6/2020 15:20,1.053,424.208,-560.6516,-678.468,469.0597,672.1468,1746.1006,545.68,6026
2/6/2020 15:20,1.061,424.216,-560.5965,-679.044,469.2108,672.3464,1707.1908,545.688,6027
2/6/2020 15:20,1.069,424.224,-560.0268,-677.2942,467.2991,670.8619,1757.1775,545.696,6028
2/6/2020 15:20,1.077,424.232,-562.2292,-680.7814,471.6805,674.3485,1693.3913,545.704,6029
2/6/2020 15:20,1.085,424.24,-559.2835,-675.7068,465.2062,669.3098,1764.0145,545.712,6030
2/6/2020 15:20,1.093,424.248,-563.7646,-682.0433,473.7158,676.1354,1688.9281,545.72,6031
2/6/2020 15:20,1.101,424.256,-559.3736,-675.5479,464.5722,668.8633,1758.132,545.728,6032
2/6/2020 15:20,1.109,424.264,-564.0596,-681.9221,473.7502,676.4286,1694.1207,545.736,6033
2/6/2020 15:20,1.117,424.272,-559.8056,-675.7157,464.7505,668.9667,1748.822,545.744,6034
2/6/2020 15:20,1.125,424.28,-563.6311,-680.7218,472.7692,675.7378,1704.1138,545.752,6035
2/6/2020 15:20,1.133,424.288,-560.4317,-676.4773,465.4217,669.7639,1732.318,545.76,6036
2/6/2020 15:20,1.141,424.296,-563.0006,-679.5275,471.3725,674.6091,1721.7222,545.768,6037
2/6/2020 15:20,1.149,424.304,-561.5307,-677.7448,467.1141,670.9917,1713.9896,545.776,6038
2/6/2020 15:20,1.157,424.312,-561.4552,-677.1362,468.5324,672.546,1738.0261,545.784,6039
2/6/2020 15:20,1.165,424.32,-562.5974,-678.8565,468.5542,672.0043,1697.9662,545.792,6040
2/6/2020 15:20,1.173,424.328,-560.3602,-675.4452,466.5526,670.9761,1749.3754,545.8,6041
2/6/2020 15:20,1.181,424.336,-563.4317,-679.5345,469.9029,672.9215,1688.3656,545.808,6042
2/6/2020 15:20,1.189,424.344,-559.0132,-673.4057,463.9761,668.7394,1752.4993,545.816,6043
2/6/2020 15:20,1.197,424.352,-564.2202,-680.0192,470.892,673.8236,1685.7466,545.824,6044
2/6/2020 15:20,1.205,424.36,-558.4429,-672.5507,462.6215,667.9156,1748.9512,545.832,6045
2/6/2020 15:20,1.213,424.368,-564.3253,-679.9488,470.9449,673.9604,1692.9621,545.84,6046
2/6/2020 15:20,1.221,424.376,-558.3897,-672.3889,462.4612,667.5283,1737.2291,545.848,6047
2/6/2020 15:20,1.229,424.384,-563.8585,-678.9061,470.1623,673.2511,1705.1118,545.856,6048
2/6/2020 15:20,1.237,424.392,-559.2511,-673.4117,463.4385,668.1602,1722.4779,545.864,6049
2/6/2020 15:20,1.245,424.4,-562.8071,-677.1813,468.5701,672.0514,1721.6759,545.872,6050
2/6/2020 15:20,1.253,424.408,-560.5938,-674.9968,465.3089,669.5798,1706.6899,545.88,6051
2/6/2020 15:20,1.261,424.416,-561.1064,-674.9403,465.9436,670.1393,1741.3839,545.888,6052
2/6/2020 15:20,1.269,424.424,-562.1717,-676.5751,467.1113,671.1087,1694.5733,545.896,6053
2/6/2020 15:20,1.277,424.432,-560.009,-673.2162,463.9278,668.7085,1751.9045,545.904,6054
2/6/2020 15:20,1.285,424.44,-563.7755,-678.2121,468.9526,672.4758,1688.0466,545.912,6055
2/6/2020 15:20,1.293,424.448,-558.7701,-671.4946,461.7861,667.3864,1757.0066,545.92,6056
2/6/2020 15:20,1.301,424.456,-564.7571,-679.3036,470.083,673.7072,1688.843,545.928,6057
2/6/2020 15:20,1.309,424.464,-558.6903,-671.3222,461.5026,667.1862,1750.8411,545.936,6058
2/6/2020 15:20,1.317,424.472,-564.6065,-678.6938,469.3877,672.9481,1698.8975,545.944,6059
2/6/2020 15:20,1.325,424.48,-559.4911,-672.3288,462.4573,668.2708,1739.4223,545.952,6060
2/6/2020 15:20,1.333,424.488,-564.7148,-678.2882,468.9659,672.693,1712.1808,545.96,6061
2/6/2020 15:20,1.341,424.496,-559.862,-672.7994,463.2512,668.728,1720.4666,545.968,6062
2/6/2020 15:20,1.349,424.504,-564.0083,-676.6649,467.2066,671.4568,1728.6049,545.976,6063
2/6/2020 15:20,1.357,424.512,-561.6355,-674.8635,465.7299,670.8082,1701.3872,545.984,6064
2/6/2020 15:20,1.365,424.52,-562.8714,-675.1088,465.0144,669.8333,1741.7211,545.992,6065
2/6/2020 15:20,1.373,424.528,-562.8949,-676.1594,467.5248,672.0685,1686.7099,546,6066
2/6/2020 15:20,1.381,424.536,-561.3666,-672.8584,462.5249,667.9244,1751.9506,546.008,6067
2/6/2020 15:20,1.389,424.544,-564.3467,-677.6853,469.6199,673.6402,1680.6564,546.016,6068
2/6/2020 15:20,1.397,424.552,-560.6023,-671.9463,461.4284,666.9779,1751.9024,546.024,6069
2/6/2020 15:20,1.405,424.56,-564.6837,-677.7716,469.6428,673.7825,1681.7915,546.032,6070
2/6/2020 15:20,1.413,424.568,-560.4997,-671.6713,461.2125,666.9789,1744.7533,546.04,6071
2/6/2020 15:20,1.421,424.576,-565.157,-677.9432,469.9404,673.9438,1692.8459,546.048,6072
2/6/2020 15:20,1.429,424.584,-560.0246,-671.3384,460.9539,666.6832,1730.0644,546.056,6073
2/6/2020 15:20,1.437,424.592,-564.9317,-677.1871,468.8855,673.0723,1706.7932,546.064,6074
2/6/2020 15:20,1.445,424.6,-561.2832,-672.9869,463.0989,668.3899,1711.5228,546.072,6075
2/6/2020 15:20,1.453,424.608,-563.7608,-675.3722,466.6213,671.2572,1722.2485,546.08,6076
2/6/2020 15:20,1.461,424.616,-562.5597,-674.5682,465.2589,670.22,1695.4771,546.088,6077
2/6/2020 15:20,1.469,424.624,-562.7877,-673.7632,464.3921,669.5344,1737.4248,546.096,6078
2/6/2020 15:20,1.477,424.632,-563.5039,-675.6627,466.8463,671.4288,1681.5258,546.104,6079
2/6/2020 15:20,1.485,424.64,-561.8731,-672.3956,462.4657,668.038,1746.1501,546.112,6080
2/6/2020 15:20,1.493,424.648,-564.8111,-677.157,468.8788,673.0752,1677.6001,546.12,6081
2/6/2020 15:20,1.501,424.656,-560.594,-670.8318,460.2346,666.3698,1751.3007,546.128,6082
2/6/2020 15:20,1.509,424.664,-565.8362,-678.1164,470.2958,674.3635,1681.2559,546.136,6083
2/6/2020 15:20,1.517,424.672,-560.4407,-670.55,459.5227,665.7603,1742.2858,546.144,6084
2/6/2020 15:20,1.525,424.68,-565.4864,-677.3886,469.6017,673.9236,1692.5667,546.152,6085
2/6/2020 15:20,1.533,424.688,-561.5711,-672.0438,461.1915,667.0429,1729.6561,546.16,6086
2/6/2020 15:20,1.541,424.696,-564.5702,-675.8379,467.8491,672.707,1709.405,546.168,6087
2/6/2020 15:20,1.549,424.704,-562.6363,-673.3339,462.9484,668.2833,1714.0334,546.176,6088
2/6/2020 15:20,1.557,424.712,-564.1497,-675.0093,466.9774,672.0131,1725.0703,546.184,6089
2/6/2020 15:20,1.565,424.72,-563.2257,-674.2851,463.7589,669.0732,1697.9759,546.192,6090
2/6/2020 15:20,1.573,424.728,-562.5207,-672.7276,464.0764,669.9285,1739.3594,546.2,6091
2/6/2020 15:20,1.581,424.736,-564.971,-676.0793,466.3375,671.0558,1682.8518,546.208,6092
2/6/2020 15:20,1.589,424.744,-561.4644,-671.2646,462.048,668.3223,1745.2369,546.216,6093
2/6/2020 15:20,1.597,424.752,-565.7719,-677.0856,467.8007,672.1698,1678.6282,546.224,6094
2/6/2020 15:20,1.605,424.76,-560.3321,-669.6642,459.8711,666.4362,1745.585,546.232,6095
2/6/2020 15:20,1.613,424.768,-566.3734,-677.5076,468.8562,672.8404,1685.0598,546.24,6096
2/6/2020 15:20,1.621,424.776,-559.8366,-669.2892,459.2582,665.7785,1737.4498,546.248,6097
2/6/2020 15:20,1.629,424.784,-565.397,-676.1576,467.4846,671.8412,1694.2888,546.256,6098
2/6/2020 15:20,1.637,424.792,-560.7177,-670.3016,460.4061,666.5354,1722.0049,546.264,6099
2/6/2020 15:20,1.645,424.8,-564.8455,-675.1086,466.417,671.2731,1711.7159,546.272,6100
2/6/2020 15:20,1.653,424.808,-561.6838,-671.5767,461.66,667.4179,1703.6527,546.28,6101
2/6/2020 15:20,1.661,424.816,-563.5805,-673.3888,464.5442,669.717,1728.2048,546.288,6102
2/6/2020 15:20,1.669,424.824,-563.4436,-673.5632,464.0882,669.2498,1688.2861,546.296,6103
2/6/2020 15:20,1.677,424.832,-562.0751,-671.2087,461.8918,667.9091,1738.7631,546.304,6104
2/6/2020 15:20,1.685,424.84,-564.8009,-675.1261,465.6243,670.6185,1679.5244,546.312,6105
2/6/2020 15:20,1.693,424.848,-561.1621,-670.1108,460.5071,667.2153,1743.558,546.32,6106
2/6/2020 15:20,1.701,424.856,-565.4893,-675.8515,466.442,671.1777,1676.8297,546.328,6107
2/6/2020 15:20,1.709,424.864,-560.2698,-668.9628,459.1568,666.055,1741.9956,546.336,6108
2/6/2020 15:20,1.717,424.872,-566.6274,-677.0497,467.7948,672.3141,1683.4169,546.344,6109
2/6/2020 15:20,1.725,424.88,-559.6961,-668.4374,458.4765,665.5431,1731.7961,546.352,6110
2/6/2020 15:20,1.733,424.888,-566.2905,-676.2173,466.8472,671.6804,1697.1385,546.36,6111
2/6/2020 15:20,1.741,424.896,-561.0732,-670.1145,460.4606,667.1036,1718.0223,546.368,6112
2/6/2020 15:20,1.749,424.904,-565.3599,-674.7298,464.9394,670.2317,1714.7919,546.376,6113
2/6/2020 15:20,1.757,424.912,-562.0327,-671.5082,462.0078,668.3867,1701.3258,546.384,6114
2/6/2020 15:20,1.765,424.92,-563.9344,-672.7714,462.6827,668.3835,1732.7344,546.392,6115
2/6/2020 15:20,1.773,424.928,-563.2209,-672.9242,463.9041,669.6872,1687.474,546.4,6116
2/6/2020 15:20,1.781,424.936,-562.7129,-671.1421,460.5895,666.8063,1746.2919,546.408,6117
2/6/2020 15:20,1.789,424.944,-564.2403,-674.0277,465.2326,670.6916,1679.8794,546.416,6118
2/6/2020 15:20,1.797,424.952,-562.1471,-670.1443,459.3947,666.1148,1749.6922,546.424,6119
2/6/2020 15:20,1.805,424.96,-565.1534,-675.131,466.5049,671.7883,1680.7957,546.432,6120
2/6/2020 15:20,1.813,424.968,-561.2509,-669.2206,458.4771,665.2732,1748.955,546.44,6121
2/6/2020 15:20,1.821,424.976,-565.8142,-675.3374,466.8863,672.0258,1687.2064,546.448,6122
2/6/2020 15:20,1.829,424.984,-560.8377,-668.7476,458.0888,665.0157,1734.1518,546.456,6123
2/6/2020 15:20,1.837,424.992,-565.4638,-674.6444,465.8731,671.3469,1702.3532,546.464,6124
2/6/2020 15:20,1.845,425,-561.191,-669.4007,458.8995,665.6699,1719.8549,546.472,6125
2/6/2020 15:20,1.853,425.008,-564.3288,-672.882,463.6686,669.4741,1720.8131,546.48,6126
2/6/2020 15:20,1.861,425.016,-562.2464,-670.7992,460.8512,667.2977,1701.6107,546.488,6127
2/6/2020 15:20,1.869,425.024,-563.2878,-671.2089,461.2271,667.6414,1736.2981,546.496,6128
2/6/2020 15:20,1.877,425.032,-563.4294,-672.2609,462.6389,668.8113,1688.9413,546.504,6129
2/6/2020 15:20,1.885,425.04,-562.097,-669.3904,458.8557,665.9296,1747.1255,546.512,6130
2/6/2020 15:20,1.893,425.048,-564.6279,-673.6468,464.4778,670.3984,1677.623,546.52,6131
2/6/2020 15:20,1.901,425.056,-561.528,-668.7897,457.6648,664.8552,1746.3655,546.528,6132
2/6/2020 15:20,1.909,425.064,-565.4615,-674.5151,466.0022,671.5513,1675.344,546.536,6133
2/6/2020 15:20,1.917,425.072,-561.3903,-668.4716,457.1419,664.6045,1742.1236,546.544,6134
2/6/2020 15:20,1.925,425.08,-565.5464,-674.4101,466.1105,671.7213,1683.6486,546.552,6135
2/6/2020 15:20,1.933,425.088,-561.5531,-668.6897,457.2542,664.5007,1730.8395,546.56,6136
2/6/2020 15:20,1.941,425.096,-565.3005,-673.6497,465.1379,671.2264,1700.5795,546.568,6137
2/6/2020 15:20,1.949,425.104,-562.4339,-669.771,458.3604,665.4104,1715.6635,546.576,6138
2/6/2020 15:20,1.957,425.112,-564.1389,-672.13,463.2081,669.7135,1722.8683,546.584,6139
2/6/2020 15:20,6.325,429.48,0.8768,-40.0681,15.5251,5.8416,77.8039,550.952,6685
2/6/2020 15:20,6.333,429.488,-0.423,-40.3685,14.3901,5.0531,145.7812,550.96,6686
2/6/2020 15:20,6.341,429.496,-3.0896,-42.2393,18.2412,9.8219,312.4094,550.968,6687
2/6/2020 15:20,6.349,429.504,-6.506,-46.732,22.4522,12.0599,605.8629,550.976,6688
2/6/2020 15:20,6.357,429.512,-2.0363,-42.3138,17.9617,8.9974,581.8397,550.984,6689
2/6/2020 15:20,6.365,429.52,-5.069,-46.1651,21.4894,10.7594,667.2096,550.992,6690
2/6/2020 15:20,6.373,429.528,-0.3878,-40.4484,14.9355,6.9103,673.2607,551,6691
2/6/2020 15:20,6.381,429.536,-8.9416,-49.6409,26.1013,15.0694,708.4971,551.008,6692
2/6/2020 15:20,6.389,429.544,-18.2232,-63.4392,46.5438,28.3796,703.488,551.016,6693
2/6/2020 15:20,6.397,429.552,-10.523,-53.0264,30.2814,17.4519,705.475,551.024,6694
2/6/2020 15:20,6.405,429.56,-23.9078,-59.6249,36.042,31.4839,721.6134,551.032,6695
2/6/2020 15:20,6.413,429.568,-6.6066,-45.518,18.3407,12.4521,702.8922,551.04,6696
2/6/2020 15:20,6.421,429.576,-15.8861,-60.7605,37.6408,25.5266,731.9717,551.048,6697
2/6/2020 15:20,6.429,429.584,-13.3125,-61.2401,37.2422,22.8644,699.3571,551.056,6698
2/6/2020 15:20,6.437,429.592,-14.8366,-61.6171,37.4616,24.448,740.6506,551.064,6699
2/6/2020 15:20,6.445,429.6,-13.6892,-59.7966,34.7536,22.7969,701.7271,551.072,6700
2/6/2020 15:20,6.453,429.608,-15.3283,-59.8704,34.997,23.919,739.9304,551.08,6701
2/6/2020 15:20,6.461,429.616,-16.7277,-59.7983,35.4596,25.4022,710.9081,551.088,6702
2/6/2020 15:20,6.469,429.624,-17.3755,-61.1373,37.578,25.8327,736.7195,551.096,6703
2/6/2020 15:20,6.477,429.632,-13.7648,-51.9136,25.2771,20.83,724.751,551.104,6704
2/6/2020 15:20,6.485,429.64,-40.6168,-83.5157,64.3456,51.3304,730.5392,551.112,6705
2/6/2020 15:20,6.493,429.648,-90.7684,-146.9686,128.0438,114.3618,746.9729,551.12,6706
2/6/2020 15:20,6.501,429.656,-98.8762,-170.0891,104.7883,129.3833,783.1166,551.128,6707
2/6/2020 15:20,6.509,429.664,-156.8543,-251.5904,155.2932,205.5648,887.8422,551.136,6708
2/6/2020 15:20,6.517,429.672,-224.9245,-335.3241,219.8269,287.1332,951.9909,551.144,6709
2/6/2020 15:20,6.525,429.68,-247.8946,-364.2237,230.6093,317.5473,1109.9725,551.152,6710
2/6/2020 15:20,6.533,429.688,-300.1079,-427.5608,280.4839,378.3069,1111.6577,551.16,6711
2/6/2020 15:20,6.541,429.696,-309.2102,-436.873,278.7846,391.0647,1277.2546,551.168,6712
2/6/2020 15:20,6.549,429.704,-364.583,-502.5708,335.5893,455.3945,1237.6252,551.176,6713
2/6/2020 15:20,6.557,429.712,-349.4633,-485.6401,305.1798,439.9007,1379.9448,551.184,6714
2/6/2020 15:20,6.565,429.72,-408.0422,-552.0405,369.6748,507.313,1363.6524,551.192,6715
2/6/2020 15:20,6.573,429.728,-399.1784,-543.587,351.4821,499.2057,1474.1739,551.2,6716
2/6/2020 15:20,6.581,429.736,-440.1125,-589.253,393.2352,545.7037,1482.9496,551.208,6717
2/6/2020 15:20,6.589,429.744,-440.724,-592.8249,388.9209,548.801,1525.379,551.216,6718
2/6/2020 15:20,6.597,429.752,-459.6694,-611.4669,403.8319,569.3328,1573.9793,551.224,6719
2/6/2020 15:20,6.605,429.76,-478.236,-635.0796,423.0644,592.6888,1567.0891,551.232,6720
2/6/2020 15:20,6.613,429.768,-470.9268,-623.8739,406.3583,582.5557,1663.337,551.24,6721
2/6/2020 15:20,6.621,429.776,-510.7497,-670.1617,452.7555,630.0142,1600.1355,551.248,6722
2/6/2020 15:20,6.629,429.784,-481.9806,-634.3135,410.3692,594.839,1711.0109,551.256,6723
2/6/2020 15:20,6.637,429.792,-533.739,-691.3044,470.8764,654.7802,1626.9754,551.264,6724
2/6/2020 15:20,6.645,429.8,-495.1243,-644.0296,417.2715,608.0723,1746.943,551.272,6725
2/6/2020 15:20,6.653,429.808,-550.1588,-702.8403,480.5596,671.2156,1655.2162,551.28,6726
2/6/2020 15:20,6.661,429.816,-512.5562,-657.3206,428.572,625.7013,1750.5155,551.288,6727
2/6/2020 15:20,6.669,429.824,-557.4458,-703.0284,478.6541,676.1758,1680.2445,551.296,6728
2/6/2020 15:20,6.677,429.832,-536.8144,-678.0132,449.3917,651.3152,1750.7397,551.304,6729
2/6/2020 15:20,6.685,429.84,-560.4858,-699.4343,472.6058,676.8205,1715.5226,551.312,6730
2/6/2020 15:20,6.693,429.848,-560.1499,-697.6808,468.9934,676.0086,1738.9662,551.32,6731
2/6/2020 15:20,6.701,429.856,-560.4638,-692.4669,462.792,673.6435,1752.942,551.328,6732
2/6/2020 15:20,6.709,429.864,-581.9151,-715.7262,487.3771,699.1376,1724.2507,551.336,6733
2/6/2020 15:20,6.717,429.872,-562.9344,-689.1119,457.3868,673.6243,1779.4773,551.344,6734
2/6/2020 15:20,6.725,429.88,-599.0966,-728.9806,500.9872,716.9507,1716.1587,551.352,6735
2/6/2020 15:20,6.733,429.888,-570.6208,-692.7465,459.983,680.1912,1805.0146,551.36,6736
2/6/2020 15:20,6.741,429.896,-610.7909,-736.2247,508.1655,728.3835,1717.3098,551.368,6737
2/6/2020 15:20,6.749,429.904,-580.2118,-698.4902,464.6397,688.975,1814.9705,551.376,6738
2/6/2020 15:20,6.757,429.912,-616.7039,-737.2967,508.6376,732.9701,1725.6882,551.384,6739
2/6/2020 15:20,6.765,429.92,-593.3374,-708.5188,474.4683,702.2842,1815.1962,551.392,6740
2/6/2020 15:20,6.773,429.928,-618.8122,-734.3476,504.9526,733.4587,1744.0548,551.4,6741
2/6/2020 15:20,6.781,429.936,-608.9875,-721.721,487.9047,718.733,1806.0104,551.408,6742
2/6/2020 15:20,6.789,429.944,-619.5039,-730.4276,499.9431,732.118,1768.2013,551.416,6743
2/6/2020 15:20,6.797,429.952,-624.1718,-734.3612,501.0873,734.7068,1789.7281,551.424,6744
2/6/2020 15:20,6.805,429.96,-619.2514,-725.8278,493.7017,729.5931,1789.9244,551.432,6745
2/6/2020 15:20,6.813,429.968,-636.3541,-743.9336,511.2138,747.4855,1773.9169,551.44,6746
2/6/2020 15:20,6.821,429.976,-621.0497,-723.8939,490.6169,729.6229,1812.9438,551.448,6747
2/6/2020 15:20,6.829,429.984,-646.1008,-751.1097,518.8713,757.71,1759.9587,551.456,6748
2/6/2020 15:20,6.837,429.992,-624.3648,-724.0288,489.3969,731.5183,1829.1137,551.464,6749
2/6/2020 15:20,6.845,430,-651.7915,-753.6713,521.5737,763.1149,1750.9216,551.472,6750
2/6/2020 15:20,6.853,430.008,-630.1721,-727.2317,491.7203,736.4464,1832.8368,551.48,6751
2/6/2020 15:20,6.861,430.016,-653.5334,-752.0591,519.6888,763.8766,1752.4302,551.488,6752
2/6/2020 15:20,6.869,430.024,-638.9765,-733.7031,498.2012,744.8599,1832.5476,551.496,6753
2/6/2020 15:20,6.877,430.032,-653.883,-749.094,516.9921,763.0662,1765.4574,551.504,6754
2/6/2020 15:20,6.885,430.04,-648.8814,-742.0299,507.032,754.9099,1822.3353,551.512,6755
2/6/2020 15:20,6.893,430.048,-653.849,-746.2192,514.1066,761.8213,1784.7337,551.52,6756
2/6/2020 15:20,6.901,430.056,-656.9907,-748.756,514.1231,763.1578,1803.4863,551.528,6757
2/6/2020 15:20,6.909,430.064,-652.9274,-742.8377,510.3008,759.9012,1801.9736,551.536,6758
2/6/2020 15:20,6.917,430.072,-663.7036,-754.0757,520.0478,769.9506,1788.3131,551.544,6759
2/6/2020 15:20,6.925,430.08,-652.1929,-739.8806,506.5105,757.8859,1819.6346,551.552,6760
2/6/2020 15:20,6.933,430.088,-667.8582,-757.1006,523.4623,774.0953,1773.442,551.56,6761
2/6/2020 15:20,6.941,430.096,-653.1231,-739.4719,505.9251,758.2862,1833.9178,551.568,6762
2/6/2020 15:20,6.949,430.104,-670.42,-758.4891,525.5293,776.4332,1766.0027,551.576,6763
2/6/2020 15:20,6.957,430.112,-656.5202,-742.4882,509.0661,761.5786,1837.5288,551.584,6764
2/6/2020 15:20,6.965,430.12,-670.6701,-757.9586,525.8744,776.3889,1764.0233,551.592,6765
2/6/2020 15:20,6.973,430.128,-660.7119,-746.3358,513.5781,765.8481,1831.4788,551.6,6766
2/6/2020 15:20,6.981,430.136,-669.3463,-756.1338,524.0966,774.6227,1771.5418,551.608,6767
2/6/2020 15:20,6.989,430.144,-663.1819,-749.0783,516.4098,768.6003,1818.2262,551.616,6768
2/6/2020 15:20,6.997,430.152,-666.7571,-752.7836,520.8372,771.4492,1784.3609,551.624,6769
2/6/2020 15:20,7.005,430.16,-665.4106,-751.4863,518.7369,770.8081,1798.717,551.632,6770
2/6/2020 15:20,7.013,430.168,-663.0185,-748.6271,516.205,767.1699,1801.3704,551.64,6771
2/6/2020 15:20,7.021,430.176,-667.1856,-753.7891,521.5259,772.7695,1780.2765,551.648,6772
2/6/2020 15:20,7.029,430.184,-659.0888,-744.6524,511.9397,762.7625,1815.8198,551.656,6773
2/6/2020 15:20,7.037,430.192,-667.6331,-755.2386,523.2783,773.333,1762.5398,551.664,6774
2/6/2020 15:20,7.045,430.2,-655.5121,-741.7669,508.7958,759.2128,1825.3343,551.672,6775
2/6/2020 15:20,7.053,430.208,-665.2372,-754.2146,522.6774,771.1555,1755.5184,551.68,6776
2/6/2020 15:20,7.061,430.216,-651.8576,-739.8514,506.7076,755.8758,1829.5113,551.688,6777
2/6/2020 15:20,7.069,430.224,-661.8914,-752.3342,520.8141,767.7545,1754.9627,551.696,6778
2/6/2020 15:20,7.077,430.232,-649.9944,-739.4406,506.202,754.5209,1821.3808,551.704,6779
2/6/2020 15:20,7.085,430.24,-657.0793,-748.1078,516.3627,762.417,1763.7109,551.712,6780
2/6/2020 15:20,7.093,430.248,-649.5986,-740.3222,507.3013,754.6669,1806.3425,551.72,6781
2/6/2020 15:20,7.101,430.256,-651.8537,-743.1194,510.7654,756.3838,1779.1467,551.728,6782
2/6/2020 15:20,7.109,430.264,-650.2921,-742.0539,509.5686,755.9636,1787.2068,551.736,6783
2/6/2020 15:20,7.117,430.272,-646.898,-738.0539,505.1466,750.5269,1800.8451,551.744,6784
2/6/2020 15:20,7.125,430.28,-651.8081,-744.4079,512.9795,758.1395,1769.8429,551.752,6785
2/6/2020 15:20,7.133,430.288,-644.4844,-735.4802,502.4617,747.2232,1813.4024,551.76,6786
2/6/2020 15:20,7.141,430.296,-652.3743,-745.3089,514.9055,758.9192,1753.1045,551.768,6787
2/6/2020 15:20,7.149,430.304,-642.8617,-734.1592,501.0396,745.5964,1824.8951,551.776,6788
2/6/2020 15:20,7.157,430.312,-651.6264,-745.0699,515.1105,758.2253,1747.6812,551.784,6789
2/6/2020 15:20,7.165,430.32,-642.1872,-733.6609,500.7324,744.6493,1823.574,551.792,6790
2/6/2020 15:20,7.173,430.328,-650.0189,-743.6668,513.7062,756.4156,1749.9326,551.8,6791
2/6/2020 15:20,7.181,430.336,-642.1042,-734.0419,500.6289,744.7938,1815.0613,551.808,6792
2/6/2020 15:20,7.189,430.344,-646.9296,-739.8652,509.6647,752.5442,1760.5716,551.816,6793
2/6/2020 15:20,7.197,430.352,-643.8146,-735.9989,503.2771,746.9564,1798.212,551.824,6794
2/6/2020 15:20,7.205,430.36,-644.3703,-736.9509,506.3601,749.2024,1776.415,551.832,6795
2/6/2020 15:20,7.213,430.368,-645.9941,-738.6603,506.3001,749.8244,1779.4394,551.84,6796
2/6/2020 15:20,7.221,430.376,-641.8986,-733.928,502.802,745.9078,1793.7918,551.848,6797
2/6/2020 15:20,7.229,430.384,-648.2294,-741.2747,509.7391,752.7106,1761.2293,551.856,6798
2/6/2020 15:20,7.237,430.392,-640.5031,-732.0387,500.4891,743.8095,1810.8458,551.864,6799
2/6/2020 15:20,7.245,430.4,-649.2785,-742.501,511.8322,754.1379,1749.9959,551.872,6800
2/6/2020 15:20,7.253,430.408,-639.3347,-730.5032,498.3071,741.9326,1819.1625,551.88,6801
2/6/2020 15:20,7.261,430.416,-649.2953,-742.3429,512.093,754.5281,1743.1235,551.888,6802
2/6/2020 15:20,7.269,430.424,-639.3758,-730.3304,497.6136,741.6314,1820.0469,551.896,6803
2/6/2020 15:20,7.277,430.432,-647.7607,-740.4114,510.3286,752.816,1747.71,551.904,6804
2/6/2020 15:20,7.285,430.44,-640.6589,-731.5525,498.6076,742.6979,1810.3593,551.912,6805
2/6/2020 15:20,7.293,430.448,-645.4774,-737.4309,507.5727,750.0508,1761.3909,551.92,6806
2/6/2020 15:20,7.301,430.456,-643.17,-734.3552,501.8884,745.3937,1794.1731,551.928,6807
2/6/2020 15:20,7.309,430.464,-642.5595,-734.0216,504.1132,746.7534,1777.8892,551.936,6808
2/6/2020 15:20,7.317,430.472,-645.3247,-737.0097,505.3152,747.7894,1775.1519,551.944,6809
2/6/2020 15:20,7.325,430.48,-640.0356,-731.2216,501.5769,743.7711,1796.8334,551.952,6810
2/6/2020 15:20,7.333,430.488,-646.0782,-738.3339,507.3997,748.8894,1758.5046,551.96,6811
2/6/2020 15:20,7.341,430.496,-638.1996,-729.2182,499.254,741.3934,1809.4345,551.968,6812
2/6/2020 15:20,7.349,430.504,-647.1629,-739.5216,509.0589,750.1361,1748.6131,551.976,6813
2/6/2020 15:20,7.357,430.512,-637.1818,-727.7562,497.6122,739.9814,1818.5718,551.984,6814
2/6/2020 15:20,7.365,430.52,-646.9774,-738.9404,509.1434,749.7601,1746.7186,551.992,6815
2/6/2020 15:20,7.373,430.528,-637.4372,-727.573,497.1205,739.8673,1818.2923,552,6816
2/6/2020 15:20,7.381,430.536,-646.2478,-737.7955,508.3255,748.9372,1757.9764,552.008,6817
2/6/2020 15:20,7.389,430.544,-639.4001,-729.5381,499.4813,741.9113,1806.7401,552.016,6818
2/6/2020 15:20,7.397,430.552,-644.7,-735.513,506.4659,747.2176,1767.3698,552.024,6819
2/6/2020 15:20,7.405,430.56,-642.1305,-732.614,502.7382,744.9167,1792.22,552.032,6820
2/6/2020 15:20,7.413,430.568,-642.6414,-732.7322,503.3705,744.5877,1790.0577,552.04,6821
2/6/2020 15:20,7.421,430.576,-644.8911,-735.4991,505.8183,747.8841,1768.9704,552.048,6822
2/6/2020 15:20,7.429,430.584,-640.1657,-729.5793,499.8337,741.6288,1800.3333,552.056,6823
2/6/2020 15:20,7.437,430.592,-646.2248,-736.7668,507.5191,749.2114,1753.5268,552.064,6824
2/6/2020 15:20,7.445,430.6,-638.6397,-727.3596,497.3458,739.8762,1811.6152,552.072,6825
2/6/2020 15:20,7.453,430.608,-647.3266,-737.5456,508.4357,750.0062,1745.194,552.08,6826
2/6/2020 15:20,7.461,430.616,-638.5077,-726.8155,496.8219,739.5632,1817.8477,552.088,6827
2/6/2020 15:20,7.469,430.624,-647.6486,-737.5462,509.1917,750.1097,1746.1623,552.096,6828
2/6/2020 15:20,7.477,430.632,-639.6867,-728.1564,498.7692,740.9877,1813.9903,552.104,6829
2/6/2020 15:20,7.485,430.64,-647.4988,-737.3052,509.1678,749.5662,1755.0983,552.112,6830
2/6/2020 15:20,7.493,430.648,-641.6366,-730.2781,501.4901,743.5121,1805.0108,552.12,6831
2/6/2020 15:20,7.501,430.656,-646.2187,-735.3119,507.202,747.691,1773.2592,552.128,6832
2/6/2020 15:20,7.509,430.664,-643.2478,-731.975,503.438,745.4747,1789.2116,552.136,6833
2/6/2020 15:20,7.517,430.672,-643.7587,-731.826,503.1274,744.2941,1792.0963,552.144,6834
2/6/2020 15:20,7.525,430.68,-645.2835,-733.91,505.6384,747.863,1771.4942,552.152,6835
2/6/2020 15:20,7.533,430.688,-641.6932,-728.7797,499.315,741.4203,1813.2043,552.16,6836
2/6/2020 15:20,7.541,430.696,-647.011,-735.2708,507.6182,749.7963,1759.9083,552.168,6837
2/6/2020 15:20,7.549,430.704,-640.888,-726.8946,497.1822,739.9674,1824.3795,552.176,6838
2/6/2020 15:20,7.557,430.712,-648.3707,-736.0883,509.0296,750.9327,1748.1157,552.184,6839
2/6/2020 15:20,7.565,430.72,-641.745,-727.1399,497.4446,740.5995,1823.7352,552.192,6840
2/6/2020 15:20,7.573,430.728,-649.2587,-736.4824,510.0078,751.8216,1748.6335,552.2,6841
2/6/2020 15:20,7.581,430.736,-643.3715,-728.5146,498.9399,742.3796,1816.6732,552.208,6842
2/6/2020 15:20,7.589,430.744,-649.0248,-735.4474,508.914,751.0186,1756.7011,552.216,6843
2/6/2020 15:20,7.597,430.752,-645.6396,-730.688,501.4943,744.9878,1802.3449,552.224,6844
2/6/2020 15:20,7.605,430.76,-647.612,-733.043,506.0147,748.9539,1774.769,552.232,6845
2/6/2020 15:20,7.613,430.768,-647.9201,-732.8465,503.8113,747.7169,1784.7293,552.24,6846
2/6/2020 15:20,7.621,430.776,-646.1704,-730.3597,502.6771,746.542,1793.6014,552.248,6847
2/6/2020 15:20,7.629,430.784,-650.7785,-735.4341,507.0136,751.0995,1766.343,552.256,6848
